employee_id,slack_id,name,rank,employment_type,email,password,phone_number,address,hire_date,tenure,age,gender,reserve_military,family_info,child_info,child_age,home_ownership
352,351,김성현,RANK06,TYPE01,김성현.unknown352@company.com,1234,02-2023-3856,서울특별시 동대문구 이문동,2020-12-25,4,22,GEN02,MIL01,FAM01,0,[],HOME01
112,111,오예지,RANK06,TYPE01,오예지.unknown112@company.com,1234,041-861-1547,서울특별시 구로구 가리봉동,2021-06-04,3,50,GEN01,MIL01,FAM02,3,"[17, 8, 1]",HOME01
223,222,김윤서,RANK06,TYPE01,김윤서.unknown223@company.com,1234,033-856-6182,서울특별시 노원구 상계동,2024-04-02,0,47,GEN01,MIL01,FAM01,0,[],HOME02
327,326,최은경,RANK06,TYPE01,최은경.unknown327@company.com,1234,054-964-7667,서울특별시 종로구 묘동,2021-12-04,3,41,GEN02,MIL01,FAM02,0,[],HOME02
178,177,나동현,RANK06,TYPE01,나동현.unknown178@company.com,1234,019-864-5392,서울특별시 마포구 아현동,2019-04-02,5,43,GEN01,MIL01,FAM01,0,[],HOME02
1,0,송영빈,RANK06,TYPE01,송영빈.unknown001@company.com,1234,032-272-8975,서울특별시 강서구 외발산동,2023-05-13,1,51,GEN01,MIL01,FAM01,0,[],HOME02
17,16,백옥자,RANK05,TYPE01,백옥자.unknown017@company.com,1234,017-633-3376,서울특별시 강서구 공항동,2017-08-05,7,48,GEN01,MIL01,FAM02,3,"[1, 3, 6]",HOME02
14,13,이성진,RANK05,TYPE01,이성진.unknown014@company.com,1234,053-921-8560,서울특별시 강서구 방화동,2021-03-30,3,49,GEN01,MIL01,FAM02,3,"[3, 16, 4]",HOME02
132,131,이수진,RANK05,TYPE01,이수진.unknown132@company.com,1234,061-720-5213,서울특별시 송파구 송파동,2022-12-09,2,51,GEN01,MIL01,FAM02,1,[15],HOME01
73,72,이유진,RANK05,TYPE01,이유진.unknown073@company.com,1234,042-422-5005,서울특별시 금천구 독산동,2020-02-29,4,59,GEN02,MIL01,FAM02,3,"[18, 1, 4]",HOME01
444,443,김은경,RANK04,TYPE01,김은경.unknown444@company.com,1234,054-371-4334,서울특별시 은평구 수색동,2016-10-29,8,36,GEN01,MIL02,FAM01,0,[],HOME02
356,355,박준서,RANK04,TYPE01,박준서.unknown356@company.com,1234,043-793-6451,서울특별시 서초구 잠원동,2014-12-22,10,34,GEN02,MIL01,FAM01,0,[],HOME02
312,311,권옥순,RANK04,TYPE01,권옥순.unknown312@company.com,1234,02-9654-0958,서울특별시 서대문구 남가좌동,2021-10-01,3,39,GEN02,MIL01,FAM02,1,[6],HOME01
156,155,양서준,RANK04,TYPE01,양서준.unknown156@company.com,1234,016-737-5591,서울특별시 강서구 방화동,2018-07-25,6,30,GEN02,MIL01,FAM02,1,[10],HOME01
507,506,곽성민,RANK04,TYPE01,곽성민.unknown507@company.com,1234,016-517-1894,서울특별시 마포구 노고산동,2022-02-15,2,48,GEN02,MIL01,FAM01,0,[],HOME01
556,555,김지혜,RANK04,TYPE01,김지혜.unknown556@company.com,1234,016-252-4545,서울특별시 강동구 암사동,2021-05-15,3,47,GEN01,MIL01,FAM01,0,[],HOME02
548,547,강예준,RANK04,TYPE01,강예준.unknown548@company.com,1234,070-9774-9224,서울특별시 강동구 강일동,2017-04-06,7,44,GEN01,MIL01,FAM01,0,[],HOME02
667,666,권승현,RANK04,TYPE01,권승현.unknown667@company.com,1234,052-434-4386,서울특별시 강서구 내발산동,2016-09-19,8,24,GEN01,MIL02,FAM02,3,"[11, 13, 17]",HOME01
130,129,이지원,RANK04,TYPE01,이지원.unknown130@company.com,1234,02-0412-4748,서울특별시 양천구 신정동,2016-06-17,8,51,GEN01,MIL01,FAM01,0,[],HOME02
279,278,김영길,RANK04,TYPE01,김영길.unknown279@company.com,1234,062-952-0529,서울특별시 중구 초동,2023-01-06,1,43,GEN02,MIL01,FAM01,0,[],HOME01
259,258,박중수,RANK04,TYPE01,박중수.unknown259@company.com,1234,011-716-1875,서울특별시 관악구 중앙동,2021-03-04,3,60,GEN01,MIL01,FAM02,1,[11],HOME01
290,289,한동현,RANK03,TYPE01,한동현.unknown290@company.com,1234,017-153-2430,서울특별시 중랑구 신내동,2022-01-14,2,50,GEN01,MIL01,FAM01,0,[],HOME02
31,30,김지현,RANK03,TYPE01,김지현.unknown031@company.com,1234,070-0499-5406,서울특별시 성동구 홍익동,2022-07-13,2,40,GEN02,MIL01,FAM01,0,[],HOME02
461,460,이지민,RANK03,TYPE01,이지민.unknown461@company.com,1234,016-051-0314,서울특별시 성북구 동선동,2019-07-23,5,24,GEN02,MIL01,FAM01,0,[],HOME02
476,475,윤미정,RANK03,TYPE01,윤미정.unknown476@company.com,1234,043-162-9397,서울특별시 은평구 신사동,2020-07-09,4,55,GEN02,MIL01,FAM01,0,[],HOME01
688,687,박성훈,RANK03,TYPE01,박성훈.unknown688@company.com,1234,042-508-4813,서울특별시 금천구 독산동,2017-01-03,7,58,GEN02,MIL01,FAM02,2,"[17, 8]",HOME01
385,384,류경수,RANK03,TYPE01,류경수.unknown385@company.com,1234,031-303-5871,서울특별시 노원구 월계동,2021-07-27,3,48,GEN02,MIL01,FAM01,0,[],HOME02
37,36,김명숙,RANK03,TYPE01,김명숙.unknown037@company.com,1234,063-189-2731,서울특별시 마포구 공덕동,2015-09-19,9,42,GEN02,MIL01,FAM02,0,[],HOME01
135,134,이현우,RANK03,TYPE01,이현우.unknown135@company.com,1234,018-187-3847,서울특별시 강북구 미아동,2020-10-14,4,22,GEN01,MIL03,FAM01,0,[],HOME02
217,216,황서준,RANK02,TYPE01,황서준.unknown217@company.com,1234,052-147-8490,서울특별시 송파구 풍납동,2021-08-07,3,26,GEN01,MIL03,FAM01,0,[],HOME01
405,404,김예지,RANK02,TYPE01,김예지.unknown405@company.com,1234,02-0829-6651,서울특별시 중구 초동,2022-10-04,2,42,GEN01,MIL01,FAM02,2,"[4, 3]",HOME01
320,319,김성현,RANK02,TYPE01,김성현.unknown320@company.com,1234,018-943-8143,서울특별시 도봉구 방학동,2017-05-27,7,25,GEN02,MIL01,FAM02,3,"[8, 15, 5]",HOME02
514,513,오지훈,RANK02,TYPE01,오지훈.unknown514@company.com,1234,031-156-4757,서울특별시 양천구 신정동,2018-11-24,6,52,GEN02,MIL01,FAM02,0,[],HOME01
121,120,최성민,RANK02,TYPE01,최성민.unknown121@company.com,1234,02-8698-7977,서울특별시 성동구 왕십리동,2019-09-28,5,58,GEN02,MIL01,FAM02,0,[],HOME02
554,553,장영환,RANK02,TYPE01,장영환.unknown554@company.com,1234,016-938-3311,서울특별시 광진구 화양동,2024-06-26,0,49,GEN01,MIL01,FAM01,0,[],HOME02
67,66,박민준,RANK02,TYPE01,박민준.unknown067@company.com,1234,02-4116-2371,서울특별시 강동구 길동,2024-07-18,0,24,GEN02,MIL01,FAM02,3,"[17, 15, 4]",HOME02
127,126,김정식,RANK02,TYPE01,김정식.unknown127@company.com,1234,016-027-3841,서울특별시 서초구 방배동,2019-12-10,5,49,GEN02,MIL01,FAM02,2,"[15, 5]",HOME01
247,246,최명숙,RANK02,TYPE01,최명숙.unknown247@company.com,1234,032-904-8855,서울특별시 양천구 신월동,2019-03-28,5,33,GEN01,MIL02,FAM01,0,[],HOME02
417,416,강병철,RANK01,TYPE01,강병철.unknown417@company.com,1234,041-147-1266,서울특별시 용산구 산천동,2015-08-03,9,38,GEN01,MIL03,FAM01,0,[],HOME01
102,101,김민석,RANK01,TYPE01,김민석.unknown102@company.com,1234,031-280-3117,서울특별시 영등포구 영등포동,2014-12-11,10,60,GEN01,MIL01,FAM02,0,[],HOME01
522,521,김현준,RANK01,TYPE01,김현준.unknown522@company.com,1234,011-342-8448,서울특별시 중구 장충동,2023-12-31,1,49,GEN01,MIL01,FAM01,0,[],HOME02
411,410,이종수,RANK01,TYPE01,이종수.unknown411@company.com,1234,031-556-6409,서울특별시 용산구 이태원동,2022-02-23,2,54,GEN01,MIL01,FAM02,2,"[7, 13]",HOME01
469,468,최준혁,RANK01,TYPE01,최준혁.unknown469@company.com,1234,055-037-5079,서울특별시 금천구 가산동,2019-09-10,5,53,GEN01,MIL01,FAM02,2,"[15, 8]",HOME01
220,219,권정자,RANK01,TYPE01,권정자.unknown220@company.com,1234,019-727-3926,서울특별시 서초구 내곡동,2020-09-07,4,38,GEN01,MIL03,FAM01,0,[],HOME02
544,543,장서연,RANK01,TYPE01,장서연.unknown544@company.com,1234,061-113-5878,서울특별시 금천구 가산동,2022-10-29,2,34,GEN01,MIL03,FAM01,0,[],HOME01
186,185,고순옥,RANK01,TYPE01,고순옥.unknown186@company.com,1234,063-331-0674,서울특별시 노원구 공릉동,2019-01-04,5,52,GEN01,MIL01,FAM02,2,"[13, 7]",HOME01
376,375,김정식,RANK01,TYPE01,김정식.unknown376@company.com,1234,044-843-2687,서울특별시 중랑구 신내동,2020-05-06,4,52,GEN01,MIL01,FAM02,1,[15],HOME02
91,90,류영호,RANK01,TYPE01,류영호.unknown091@company.com,1234,032-955-1881,서울특별시 관악구 청림동,2020-11-01,4,33,GEN01,MIL02,FAM02,2,"[16, 4]",HOME01
571,570,진성민,RANK01,TYPE01,진성민.unknown571@company.com,1234,033-677-3513,서울특별시 금천구 시흥동,2015-05-18,9,43,GEN02,MIL01,FAM02,2,"[9, 6]",HOME02
39,38,곽현정,RANK01,TYPE01,곽현정.unknown039@company.com,1234,070-5415-3053,서울특별시 서초구 염곡동,2017-11-13,7,44,GEN01,MIL01,FAM01,0,[],HOME02
601,600,김정자,RANK01,TYPE01,김정자.unknown601@company.com,1234,011-956-0095,서울특별시 관악구 청룡동,2016-04-27,8,45,GEN02,MIL01,FAM01,0,[],HOME02
82,81,박예은,RANK01,TYPE01,박예은.unknown082@company.com,1234,064-793-5616,서울특별시 구로구 천왕동,2015-02-28,9,31,GEN01,MIL02,FAM01,0,[],HOME02
350,349,강지연,RANK06,TYPE01,강지연.unknown350@company.com,1234,033-374-3530,서울특별시 영등포구 도림동,2024-01-24,0,32,GEN01,MIL02,FAM02,0,[],HOME01
386,385,이민재,RANK06,TYPE01,이민재.unknown386@company.com,1234,042-585-4208,서울특별시 서대문구 남가좌동,2020-01-19,4,41,GEN02,MIL01,FAM01,0,[],HOME01
185,184,윤영숙,RANK06,TYPE01,윤영숙.unknown185@company.com,1234,019-107-4892,서울특별시 서대문구 영천동,2016-05-05,8,23,GEN02,MIL01,FAM02,1,[17],HOME01
628,627,강현우,RANK06,TYPE01,강현우.unknown628@company.com,1234,043-711-2893,서울특별시 동대문구 이문동,2021-08-14,3,40,GEN02,MIL01,FAM01,0,[],HOME02
47,46,이정식,RANK06,TYPE01,이정식.unknown047@company.com,1234,044-208-6555,서울특별시 양천구 신월동,2016-11-23,8,23,GEN02,MIL01,FAM01,0,[],HOME02
489,488,김은주,RANK06,TYPE01,김은주.unknown489@company.com,1234,043-929-1034,서울특별시 노원구 상계동,2015-04-09,9,38,GEN01,MIL02,FAM02,3,"[1, 7, 13]",HOME02
351,350,김영철,RANK06,TYPE01,김영철.unknown351@company.com,1234,02-6392-7111,서울특별시 동대문구 답십리동,2017-12-13,7,43,GEN02,MIL01,FAM02,2,"[15, 13]",HOME01
347,346,고미영,RANK06,TYPE01,고미영.unknown347@company.com,1234,02-6251-4270,서울특별시 구로구 고척동,2022-10-17,2,47,GEN02,MIL01,FAM02,1,[16],HOME01
4,3,장수연,RANK06,TYPE01,장수연.unknown004@company.com,1234,063-064-1725,서울특별시 송파구 가락동,2016-07-17,8,59,GEN02,MIL01,FAM01,0,[],HOME02
374,373,김서현,RANK05,TYPE01,김서현.unknown374@company.com,1234,052-340-2042,서울특별시 중랑구 묵동,2023-09-11,1,32,GEN01,MIL03,FAM02,2,"[11, 18]",HOME01
458,457,김준영,RANK05,TYPE01,김준영.unknown458@company.com,1234,031-522-1859,서울특별시 도봉구 도봉동,2020-06-29,4,43,GEN01,MIL01,FAM02,3,"[5, 15, 10]",HOME02
519,518,엄현우,RANK05,TYPE01,엄현우.unknown519@company.com,1234,017-603-6634,서울특별시 강남구 수서동,2019-11-25,5,59,GEN02,MIL01,FAM02,0,[],HOME01
21,20,강미숙,RANK05,TYPE01,강미숙.unknown021@company.com,1234,019-999-2158,서울특별시 광진구 중곡동,2017-09-27,7,40,GEN01,MIL01,FAM02,0,[],HOME01
696,695,김유진,RANK05,TYPE01,김유진.unknown696@company.com,1234,054-397-5676,서울특별시 마포구 염리동,2021-11-07,3,53,GEN01,MIL01,FAM02,3,"[14, 17, 1]",HOME02
414,413,허미경,RANK05,TYPE01,허미경.unknown414@company.com,1234,043-239-7765,서울특별시 관악구 서원동,2019-05-06,5,53,GEN02,MIL01,FAM02,2,"[12, 6]",HOME01
289,288,안민지,RANK04,TYPE01,안민지.unknown289@company.com,1234,031-847-8025,서울특별시 서대문구 홍은동,2015-10-16,9,30,GEN02,MIL01,FAM01,0,[],HOME02
390,389,김혜진,RANK04,TYPE01,김혜진.unknown390@company.com,1234,063-577-2147,서울특별시 강서구 공항동,2023-02-27,1,47,GEN02,MIL01,FAM01,0,[],HOME02
468,467,이서연,RANK04,TYPE01,이서연.unknown468@company.com,1234,02-9367-8020,서울특별시 동작구 대방동,2019-11-06,5,60,GEN01,MIL01,FAM02,2,"[17, 10]",HOME01
57,56,강지후,RANK04,TYPE01,강지후.unknown057@company.com,1234,053-082-0158,서울특별시 양천구 목동,2019-11-16,5,59,GEN01,MIL01,FAM02,1,[11],HOME02
27,26,김영길,RANK04,TYPE01,김영길.unknown027@company.com,1234,032-960-7047,서울특별시 용산구 주성동,2024-05-25,0,53,GEN01,MIL01,FAM02,1,[18],HOME01
529,528,김광수,RANK04,TYPE01,김광수.unknown529@company.com,1234,016-328-2657,서울특별시 양천구 신월동,2019-05-02,5,39,GEN01,MIL02,FAM01,0,[],HOME01
523,522,최영수,RANK04,TYPE01,최영수.unknown523@company.com,1234,016-389-0300,서울특별시 용산구 동자동,2015-12-20,9,31,GEN02,MIL01,FAM01,0,[],HOME01
97,96,장수민,RANK04,TYPE01,장수민.unknown097@company.com,1234,041-833-3461,서울특별시 동대문구 휘경동,2020-08-28,4,27,GEN02,MIL01,FAM02,2,"[8, 1]",HOME01
590,589,이영철,RANK04,TYPE01,이영철.unknown590@company.com,1234,043-103-2561,서울특별시 도봉구 창동,2018-12-24,6,40,GEN01,MIL01,FAM02,2,"[5, 13]",HOME01
474,473,이경희,RANK03,TYPE01,이경희.unknown474@company.com,1234,02-5434-8020,서울특별시 종로구 관수동,2019-01-04,5,58,GEN02,MIL01,FAM02,1,[9],HOME02
511,510,이수빈,RANK03,TYPE01,이수빈.unknown511@company.com,1234,055-317-0115,서울특별시 성북구 상월곡동,2019-06-26,5,42,GEN02,MIL01,FAM01,0,[],HOME02
580,579,박선영,RANK03,TYPE01,박선영.unknown580@company.com,1234,063-115-3815,서울특별시 강남구 역삼동,2018-10-18,6,38,GEN02,MIL01,FAM01,0,[],HOME02
19,18,서상현,RANK03,TYPE01,서상현.unknown019@company.com,1234,063-532-8001,서울특별시 송파구 장지동,2015-05-16,9,50,GEN01,MIL01,FAM02,2,"[8, 10]",HOME02
229,228,최현숙,RANK03,TYPE01,최현숙.unknown229@company.com,1234,054-650-0523,서울특별시 성북구 보문동,2023-08-21,1,41,GEN02,MIL01,FAM02,0,[],HOME02
407,406,진상호,RANK03,TYPE01,진상호.unknown407@company.com,1234,019-702-7208,서울특별시 관악구 대학동,2024-06-17,0,55,GEN01,MIL01,FAM01,0,[],HOME01
428,427,유현준,RANK03,TYPE01,유현준.unknown428@company.com,1234,018-707-3582,서울특별시 영등포구 문래동,2016-07-24,8,57,GEN01,MIL01,FAM01,0,[],HOME01
225,224,김성수,RANK02,TYPE01,김성수.unknown225@company.com,1234,051-827-1336,서울특별시 강동구 성내동,2024-04-29,0,48,GEN02,MIL01,FAM01,0,[],HOME02
332,331,박순옥,RANK02,TYPE01,박순옥.unknown332@company.com,1234,053-617-3668,서울특별시 성동구 왕십리동,2022-04-15,2,60,GEN01,MIL01,FAM02,0,[],HOME01
188,187,강중수,RANK02,TYPE01,강중수.unknown188@company.com,1234,041-341-4406,서울특별시 성동구 사근동,2017-05-13,7,49,GEN01,MIL01,FAM02,2,"[18, 2]",HOME01
144,143,양하은,RANK02,TYPE01,양하은.unknown144@company.com,1234,011-478-8018,서울특별시 성동구 사근동,2023-07-10,1,46,GEN02,MIL01,FAM01,0,[],HOME02
193,192,이지원,RANK02,TYPE01,이지원.unknown193@company.com,1234,062-206-0079,서울특별시 강동구 둔촌동,2020-11-30,4,41,GEN02,MIL01,FAM02,0,[],HOME01
398,397,최지은,RANK02,TYPE01,최지은.unknown398@company.com,1234,042-666-0651,서울특별시 도봉구 창동,2019-06-11,5,33,GEN01,MIL03,FAM02,2,"[4, 6]",HOME02
140,139,최지현,RANK02,TYPE01,최지현.unknown140@company.com,1234,052-614-9132,서울특별시 동작구 흑석동,2016-03-10,8,29,GEN02,MIL01,FAM01,0,[],HOME02
615,614,문정웅,RANK02,TYPE01,문정웅.unknown615@company.com,1234,052-726-2997,서울특별시 광진구 자양동,2022-03-28,2,24,GEN01,MIL03,FAM02,3,"[5, 9, 4]",HOME02
624,623,서도현,RANK02,TYPE01,서도현.unknown624@company.com,1234,042-456-1153,서울특별시 송파구 잠실동,2022-01-23,2,50,GEN02,MIL01,FAM02,3,"[1, 9, 8]",HOME02
241,240,황보람,RANK02,TYPE01,황보람.unknown241@company.com,1234,041-182-4538,서울특별시 종로구 옥인동,2015-07-08,9,39,GEN01,MIL03,FAM01,0,[],HOME01
422,421,김현숙,RANK02,TYPE01,김현숙.unknown422@company.com,1234,051-970-2319,서울특별시 서초구 양재동,2015-07-27,9,39,GEN02,MIL01,FAM01,0,[],HOME02
379,378,전정호,RANK01,TYPE01,전정호.unknown379@company.com,1234,061-799-3181,서울특별시 도봉구 쌍문동,2022-11-30,2,49,GEN01,MIL01,FAM02,2,"[4, 17]",HOME01
500,499,백영수,RANK01,TYPE01,백영수.unknown500@company.com,1234,041-242-7147,서울특별시 동대문구 청량리동,2020-09-05,4,57,GEN02,MIL01,FAM02,3,"[15, 11, 17]",HOME01
60,59,이상훈,RANK01,TYPE01,이상훈.unknown060@company.com,1234,032-819-2767,서울특별시 강남구 일원동,2020-03-07,4,34,GEN01,MIL03,FAM02,1,[13],HOME01
559,558,장건우,RANK01,TYPE01,장건우.unknown559@company.com,1234,064-776-8034,서울특별시 성북구 안암동,2021-10-08,3,27,GEN02,MIL01,FAM02,2,"[12, 10]",HOME01
564,563,황지혜,RANK01,TYPE01,황지혜.unknown564@company.com,1234,011-810-0485,서울특별시 강북구 미아동,2016-10-10,8,55,GEN01,MIL01,FAM02,0,[],HOME01
597,596,한서준,RANK01,TYPE01,한서준.unknown597@company.com,1234,070-0344-6699,서울특별시 도봉구 쌍문동,2016-06-02,8,34,GEN01,MIL02,FAM01,0,[],HOME02
153,152,김하은,RANK01,TYPE01,김하은.unknown153@company.com,1234,032-953-2149,서울특별시 광진구 능동,2018-06-12,6,58,GEN02,MIL01,FAM02,2,"[6, 5]",HOME02
187,186,김정숙,RANK01,TYPE01,김정숙.unknown187@company.com,1234,010-8573-2913,서울특별시 송파구 풍납동,2016-12-10,8,58,GEN02,MIL01,FAM01,0,[],HOME02
655,654,김선영,RANK01,TYPE01,김선영.unknown655@company.com,1234,02-0781-3440,서울특별시 중랑구 신내동,2015-07-16,9,22,GEN01,MIL02,FAM01,0,[],HOME01
418,417,구영길,RANK01,TYPE01,구영길.unknown418@company.com,1234,017-150-3134,서울특별시 마포구 중동,2023-02-14,1,23,GEN02,MIL01,FAM02,3,"[13, 5, 17]",HOME02
513,512,권수민,RANK06,TYPE01,권수민.unknown513@company.com,1234,011-659-6934,서울특별시 은평구 진관동,2020-01-25,4,31,GEN01,MIL02,FAM02,1,[18],HOME01
338,337,김진우,RANK06,TYPE01,김진우.unknown338@company.com,1234,031-561-8180,서울특별시 도봉구 도봉동,2021-11-22,3,23,GEN02,MIL01,FAM02,3,"[6, 6, 9]",HOME01
308,307,박광수,RANK06,TYPE01,박광수.unknown308@company.com,1234,041-782-6212,서울특별시 광진구 광장동,2024-06-11,0,51,GEN02,MIL01,FAM02,2,"[15, 17]",HOME02
287,286,이지아,RANK06,TYPE01,이지아.unknown287@company.com,1234,054-630-1954,서울특별시 강서구 방화동,2023-06-16,1,50,GEN01,MIL01,FAM01,0,[],HOME02
354,353,이상훈,RANK06,TYPE01,이상훈.unknown354@company.com,1234,062-081-9034,서울특별시 금천구 시흥동,2016-12-20,8,42,GEN02,MIL01,FAM01,0,[],HOME02
689,688,이지훈,RANK06,TYPE01,이지훈.unknown689@company.com,1234,062-813-3846,서울특별시 구로구 오류동,2024-08-03,0,47,GEN01,MIL01,FAM01,0,[],HOME02
40,39,안선영,RANK06,TYPE01,안선영.unknown040@company.com,1234,062-996-4329,서울특별시 도봉구 방학동,2018-02-13,6,51,GEN02,MIL01,FAM01,0,[],HOME02
2,1,오승민,RANK06,TYPE01,오승민.unknown002@company.com,1234,043-688-1863,서울특별시 성북구 종암동,2016-09-22,8,50,GEN01,MIL01,FAM01,0,[],HOME02
25,24,최상호,RANK05,TYPE01,최상호.unknown025@company.com,1234,033-458-7526,서울특별시 양천구 신월동,2016-01-15,8,40,GEN01,MIL01,FAM01,0,[],HOME02
360,359,강지후,RANK05,TYPE01,강지후.unknown360@company.com,1234,044-337-7184,서울특별시 동작구 사당동,2018-08-22,6,39,GEN01,MIL03,FAM02,3,"[9, 3, 5]",HOME01
355,354,장미경,RANK05,TYPE01,장미경.unknown355@company.com,1234,011-136-3543,서울특별시 영등포구 여의도동,2015-01-15,9,23,GEN02,MIL01,FAM01,0,[],HOME02
557,556,김지영,RANK05,TYPE01,김지영.unknown557@company.com,1234,017-511-4727,서울특별시 성북구 정릉동,2022-06-24,2,58,GEN02,MIL01,FAM02,1,[15],HOME02
68,67,최지원,RANK05,TYPE01,최지원.unknown068@company.com,1234,02-0785-0908,서울특별시 구로구 궁동,2015-07-02,9,60,GEN02,MIL01,FAM01,0,[],HOME02
680,679,이시우,RANK05,TYPE01,이시우.unknown680@company.com,1234,010-7618-3141,서울특별시 노원구 월계동,2016-11-30,8,43,GEN02,MIL01,FAM01,0,[],HOME01
118,117,한영순,RANK05,TYPE01,한영순.unknown118@company.com,1234,062-368-0196,서울특별시 영등포구 신길동,2022-09-21,2,47,GEN02,MIL01,FAM02,0,[],HOME01
603,602,권예준,RANK05,TYPE01,권예준.unknown603@company.com,1234,043-002-8760,서울특별시 중구 신당동,2019-04-12,5,46,GEN01,MIL01,FAM02,1,[10],HOME01
490,489,홍영진,RANK04,TYPE01,홍영진.unknown490@company.com,1234,017-855-3818,서울특별시 중랑구 상봉동,2015-06-23,9,59,GEN02,MIL01,FAM01,0,[],HOME02
321,320,이영길,RANK04,TYPE01,이영길.unknown321@company.com,1234,041-546-0451,서울특별시 용산구 청암동,2018-12-04,6,58,GEN02,MIL01,FAM01,0,[],HOME02
199,198,하보람,RANK04,TYPE01,하보람.unknown199@company.com,1234,018-693-1684,서울특별시 관악구 보라매동,2016-04-21,8,31,GEN02,MIL01,FAM02,1,[12],HOME01
55,54,김서준,RANK04,TYPE01,김서준.unknown055@company.com,1234,018-755-9383,서울특별시 영등포구 양평동,2024-07-01,0,52,GEN02,MIL01,FAM02,3,"[4, 3, 1]",HOME02
595,594,손시우,RANK04,TYPE01,손시우.unknown595@company.com,1234,010-0893-1005,서울특별시 강북구 미아동,2022-03-16,2,47,GEN01,MIL01,FAM02,3,"[3, 1, 8]",HOME01
673,672,박주원,RANK04,TYPE01,박주원.unknown673@company.com,1234,032-561-8909,서울특별시 동작구 노량진동,2020-05-09,4,56,GEN02,MIL01,FAM01,0,[],HOME02
633,632,김예지,RANK04,TYPE01,김예지.unknown633@company.com,1234,018-580-2903,서울특별시 마포구 아현동,2018-12-27,6,41,GEN01,MIL01,FAM01,0,[],HOME01
641,640,한준영,RANK04,TYPE01,한준영.unknown641@company.com,1234,064-778-3606,서울특별시 동대문구 휘경동,2023-06-14,1,49,GEN01,MIL01,FAM01,0,[],HOME02
344,343,서지민,RANK03,TYPE01,서지민.unknown344@company.com,1234,02-7495-9729,서울특별시 중랑구 면목동,2017-06-10,7,56,GEN01,MIL01,FAM02,1,[8],HOME02
201,200,권영순,RANK03,TYPE01,권영순.unknown201@company.com,1234,033-892-5829,서울특별시 중구 수하동,2015-10-31,9,22,GEN02,MIL01,FAM01,0,[],HOME02
215,214,양성진,RANK03,TYPE01,양성진.unknown215@company.com,1234,052-387-5145,서울특별시 성동구 옥수동,2022-12-23,2,38,GEN01,MIL02,FAM01,0,[],HOME02
421,420,윤재현,RANK03,TYPE01,윤재현.unknown421@company.com,1234,031-031-8065,서울특별시 금천구 독산동,2017-08-25,7,29,GEN02,MIL01,FAM02,0,[],HOME01
134,133,김종수,RANK03,TYPE01,김종수.unknown134@company.com,1234,051-721-6236,서울특별시 강서구 등촌동,2024-03-25,0,36,GEN02,MIL01,FAM02,1,[3],HOME01
674,673,최승민,RANK03,TYPE01,최승민.unknown674@company.com,1234,052-613-9845,서울특별시 강동구 암사동,2020-08-01,4,31,GEN02,MIL01,FAM02,0,[],HOME02
149,148,안정남,RANK03,TYPE01,안정남.unknown149@company.com,1234,064-770-7935,서울특별시 중구 쌍림동,2018-06-21,6,56,GEN01,MIL01,FAM02,3,"[14, 11, 10]",HOME01
183,182,장종수,RANK03,TYPE01,장종수.unknown183@company.com,1234,044-612-0942,서울특별시 성북구 성북동,2016-12-04,8,48,GEN02,MIL01,FAM01,0,[],HOME02
145,144,김지훈,RANK03,TYPE01,김지훈.unknown145@company.com,1234,042-515-0502,서울특별시 용산구 한강로동,2022-03-04,2,38,GEN02,MIL01,FAM02,2,"[12, 8]",HOME02
65,64,송지영,RANK03,TYPE01,송지영.unknown065@company.com,1234,051-205-4924,서울특별시 동작구 흑석동,2023-01-07,1,36,GEN02,MIL01,FAM02,2,"[18, 11]",HOME01
254,253,한민준,RANK03,TYPE01,한민준.unknown254@company.com,1234,018-026-3485,서울특별시 동대문구 휘경동,2015-12-19,9,39,GEN01,MIL03,FAM02,0,[],HOME01
387,386,구정희,RANK02,TYPE01,구정희.unknown387@company.com,1234,02-1392-9030,서울특별시 강동구 둔촌동,2021-07-26,3,22,GEN02,MIL01,FAM01,0,[],HOME02
401,400,류서영,RANK02,TYPE01,류서영.unknown401@company.com,1234,064-766-1254,서울특별시 동작구 흑석동,2024-07-26,0,33,GEN02,MIL01,FAM01,0,[],HOME02
483,482,김현숙,RANK02,TYPE01,김현숙.unknown483@company.com,1234,042-862-2178,서울특별시 동대문구 답십리동,2018-02-03,6,52,GEN02,MIL01,FAM02,2,"[11, 3]",HOME01
568,567,허주원,RANK02,TYPE01,허주원.unknown568@company.com,1234,063-969-6739,서울특별시 구로구 신도림동,2014-12-11,10,26,GEN01,MIL02,FAM02,0,[],HOME02
192,191,양도현,RANK02,TYPE01,양도현.unknown192@company.com,1234,042-349-2611,서울특별시 마포구 아현동,2017-12-04,7,23,GEN02,MIL01,FAM01,0,[],HOME02
636,635,이정순,RANK02,TYPE01,이정순.unknown636@company.com,1234,062-358-6337,서울특별시 금천구 독산동,2023-08-12,1,39,GEN01,MIL03,FAM02,0,[],HOME01
503,502,조서영,RANK02,TYPE01,조서영.unknown503@company.com,1234,053-974-8266,서울특별시 관악구 은천동,2019-06-27,5,37,GEN01,MIL02,FAM02,0,[],HOME02
268,267,차지영,RANK02,TYPE01,차지영.unknown268@company.com,1234,010-0415-7750,서울특별시 동대문구 이문동,2017-10-18,7,27,GEN02,MIL01,FAM02,0,[],HOME02
3,2,송명신,RANK02,TYPE01,송명신.unknown003@company.com,1234,032-014-3200,서울특별시 관악구 중앙동,2015-04-26,9,48,GEN01,MIL01,FAM02,2,"[9, 13]",HOME01
252,251,조미정,RANK01,TYPE01,조미정.unknown252@company.com,1234,033-372-3109,서울특별시 동대문구 회기동,2017-09-06,7,22,GEN01,MIL02,FAM02,1,[1],HOME01
501,500,주상훈,RANK01,TYPE01,주상훈.unknown501@company.com,1234,042-685-8687,서울특별시 마포구 연남동,2023-10-03,1,43,GEN01,MIL01,FAM02,3,"[8, 4, 7]",HOME02
314,313,강현지,RANK01,TYPE01,강현지.unknown314@company.com,1234,02-0303-0311,서울특별시 성동구 성수동,2016-09-17,8,33,GEN01,MIL03,FAM02,1,[16],HOME01
657,656,김윤서,RANK01,TYPE01,김윤서.unknown657@company.com,1234,063-965-3374,서울특별시 영등포구 대림동,2021-04-04,3,24,GEN01,MIL03,FAM02,0,[],HOME01
662,661,최준혁,RANK01,TYPE01,최준혁.unknown662@company.com,1234,070-4845-8433,서울특별시 용산구 한강로동,2019-02-07,5,44,GEN01,MIL01,FAM01,0,[],HOME02
659,658,송성수,RANK01,TYPE01,송성수.unknown659@company.com,1234,010-9855-5162,서울특별시 서대문구 홍은동,2015-04-10,9,57,GEN02,MIL01,FAM02,2,"[10, 5]",HOME01
283,282,이은경,RANK01,TYPE01,이은경.unknown283@company.com,1234,011-875-9158,서울특별시 양천구 신정동,2017-04-23,7,46,GEN02,MIL01,FAM01,0,[],HOME02
299,298,장민재,RANK01,TYPE01,장민재.unknown299@company.com,1234,042-210-4375,서울특별시 양천구 신정동,2022-07-17,2,58,GEN02,MIL01,FAM01,0,[],HOME02
12,11,김민준,RANK06,TYPE01,김민준.unknown012@company.com,1234,063-618-4870,서울특별시 강북구 우이동,2015-09-17,9,35,GEN02,MIL01,FAM01,0,[],HOME02
410,409,박상철,RANK06,TYPE01,박상철.unknown410@company.com,1234,054-011-3889,서울특별시 서초구 내곡동,2020-11-27,4,32,GEN01,MIL02,FAM02,1,[15],HOME01
438,437,나은서,RANK06,TYPE01,나은서.unknown438@company.com,1234,041-736-2490,서울특별시 용산구 신계동,2017-05-07,7,48,GEN01,MIL01,FAM01,0,[],HOME02
610,609,최진호,RANK06,TYPE01,최진호.unknown610@company.com,1234,016-060-1606,서울특별시 강남구 삼성동,2018-04-20,6,43,GEN01,MIL01,FAM02,3,"[14, 2, 17]",HOME02
66,65,이은경,RANK06,TYPE01,이은경.unknown066@company.com,1234,010-4696-7398,서울특별시 양천구 신월동,2021-11-28,3,56,GEN01,MIL01,FAM02,2,"[2, 15]",HOME01
451,450,김아름,RANK06,TYPE01,김아름.unknown451@company.com,1234,062-175-8069,서울특별시 강서구 공항동,2024-11-18,0,49,GEN01,MIL01,FAM01,0,[],HOME01
251,250,조건우,RANK06,TYPE01,조건우.unknown251@company.com,1234,017-028-7952,서울특별시 중랑구 신내동,2020-07-17,4,44,GEN02,MIL01,FAM02,1,[10],HOME02
258,257,박성수,RANK06,TYPE01,박성수.unknown258@company.com,1234,055-376-2552,서울특별시 노원구 상계동,2020-05-17,4,50,GEN02,MIL01,FAM02,1,[9],HOME01
234,233,장명자,RANK06,TYPE01,장명자.unknown234@company.com,1234,064-774-3122,서울특별시 중랑구 면목동,2018-12-29,6,54,GEN01,MIL01,FAM01,0,[],HOME02
161,160,이영숙,RANK06,TYPE01,이영숙.unknown161@company.com,1234,061-663-4647,서울특별시 성북구 성북동,2018-01-10,6,59,GEN02,MIL01,FAM01,0,[],HOME02
6,5,김미정,RANK06,TYPE01,김미정.unknown006@company.com,1234,031-086-5739,서울특별시 중랑구 망우동,2024-01-22,0,48,GEN02,MIL01,FAM02,3,"[1, 17, 1]",HOME01
205,204,나우진,RANK06,TYPE01,나우진.unknown205@company.com,1234,017-126-4015,서울특별시 마포구 중동,2016-06-05,8,23,GEN02,MIL01,FAM01,0,[],HOME01
249,248,황은정,RANK05,TYPE01,황은정.unknown249@company.com,1234,032-932-9913,서울특별시 서초구 방배동,2019-07-17,5,56,GEN01,MIL01,FAM02,0,[],HOME01
498,497,김은서,RANK05,TYPE01,김은서.unknown498@company.com,1234,052-538-6475,서울특별시 노원구 중계동,2024-07-26,0,29,GEN01,MIL02,FAM02,0,[],HOME02
502,501,박순옥,RANK05,TYPE01,박순옥.unknown502@company.com,1234,051-879-9954,서울특별시 관악구 남현동,2015-11-08,9,59,GEN01,MIL01,FAM01,0,[],HOME02
540,539,최정남,RANK05,TYPE01,최정남.unknown540@company.com,1234,044-830-0765,서울특별시 양천구 목동,2024-07-30,0,22,GEN02,MIL01,FAM02,1,[3],HOME01
366,365,이지훈,RANK05,TYPE01,이지훈.unknown366@company.com,1234,051-311-9140,서울특별시 동대문구 용두동,2019-05-28,5,47,GEN02,MIL01,FAM02,3,"[7, 9, 9]",HOME02
510,509,서혜진,RANK05,TYPE01,서혜진.unknown510@company.com,1234,054-560-1849,서울특별시 강북구 수유동,2020-01-10,4,29,GEN01,MIL03,FAM01,0,[],HOME02
171,170,안승현,RANK05,TYPE01,안승현.unknown171@company.com,1234,016-447-2286,서울특별시 강북구 미아동,2020-11-17,4,56,GEN02,MIL01,FAM01,0,[],HOME02
168,167,이정호,RANK05,TYPE01,이정호.unknown168@company.com,1234,044-826-5791,서울특별시 광진구 군자동,2021-06-11,3,55,GEN02,MIL01,FAM01,0,[],HOME01
176,175,이채원,RANK05,TYPE01,이채원.unknown176@company.com,1234,070-7961-6854,서울특별시 성북구 안암동,2021-12-30,3,30,GEN02,MIL01,FAM02,0,[],HOME02
388,387,김시우,RANK04,TYPE01,김시우.unknown388@company.com,1234,052-610-8216,서울특별시 금천구 독산동,2020-11-17,4,31,GEN01,MIL02,FAM02,1,[6],HOME02
558,557,심정훈,RANK04,TYPE01,심정훈.unknown558@company.com,1234,033-117-3788,서울특별시 동작구 본동,2024-01-25,0,48,GEN02,MIL01,FAM02,0,[],HOME02
197,196,노예진,RANK04,TYPE01,노예진.unknown197@company.com,1234,051-782-4502,서울특별시 동대문구 휘경동,2022-09-10,2,52,GEN02,MIL01,FAM01,0,[],HOME02
211,210,김우진,RANK04,TYPE01,김우진.unknown211@company.com,1234,011-711-2160,서울특별시 금천구 가산동,2019-05-29,5,23,GEN02,MIL01,FAM01,0,[],HOME02
480,479,이경자,RANK04,TYPE01,이경자.unknown480@company.com,1234,054-120-7152,서울특별시 강서구 가양동,2021-09-14,3,43,GEN02,MIL01,FAM02,3,"[4, 5, 9]",HOME01
46,45,김숙자,RANK04,TYPE01,김숙자.unknown046@company.com,1234,054-055-4818,서울특별시 중구 서소문동,2017-04-10,7,33,GEN01,MIL02,FAM02,3,"[15, 15, 15]",HOME01
663,662,박서영,RANK04,TYPE01,박서영.unknown663@company.com,1234,054-051-5091,서울특별시 강남구 논현동,2015-09-16,9,26,GEN02,MIL01,FAM01,0,[],HOME02
208,207,박숙자,RANK04,TYPE01,박숙자.unknown208@company.com,1234,064-761-3757,서울특별시 관악구 미성동,2023-10-11,1,41,GEN01,MIL01,FAM02,0,[],HOME02
165,164,이민석,RANK04,TYPE01,이민석.unknown165@company.com,1234,031-868-5893,서울특별시 성동구 금호동,2020-06-23,4,47,GEN02,MIL01,FAM01,0,[],HOME02
69,68,최광수,RANK03,TYPE01,최광수.unknown069@company.com,1234,02-0383-8117,서울특별시 강서구 내발산동,2016-08-13,8,55,GEN01,MIL01,FAM02,2,"[11, 7]",HOME02
668,667,이현준,RANK03,TYPE01,이현준.unknown668@company.com,1234,031-014-3606,서울특별시 강동구 둔촌동,2023-05-19,1,41,GEN02,MIL01,FAM02,2,"[11, 10]",HOME01
481,480,김지현,RANK03,TYPE01,김지현.unknown481@company.com,1234,070-4552-1833,서울특별시 동작구 사당동,2022-05-10,2,37,GEN01,MIL03,FAM02,1,[16],HOME02
70,69,이지우,RANK03,TYPE01,이지우.unknown070@company.com,1234,055-161-3474,서울특별시 마포구 서교동,2023-09-02,1,28,GEN02,MIL01,FAM02,3,"[9, 14, 5]",HOME02
30,29,김영환,RANK03,TYPE01,김영환.unknown030@company.com,1234,051-376-9780,서울특별시 마포구 신수동,2019-06-26,5,56,GEN02,MIL01,FAM02,1,[2],HOME01
546,545,이민준,RANK03,TYPE01,이민준.unknown546@company.com,1234,063-543-2245,서울특별시 광진구 능동,2024-05-29,0,53,GEN02,MIL01,FAM01,0,[],HOME02
545,544,최옥순,RANK03,TYPE01,최옥순.unknown545@company.com,1234,018-619-7815,서울특별시 송파구 송파동,2023-11-05,1,31,GEN02,MIL01,FAM02,0,[],HOME02
331,330,김도현,RANK02,TYPE01,김도현.unknown331@company.com,1234,010-8229-7648,서울특별시 용산구 이태원동,2021-08-10,3,54,GEN01,MIL01,FAM02,1,[18],HOME01
325,324,허지원,RANK02,TYPE01,허지원.unknown325@company.com,1234,055-947-1790,서울특별시 중랑구 면목동,2017-08-26,7,47,GEN02,MIL01,FAM01,0,[],HOME02
139,138,윤승민,RANK02,TYPE01,윤승민.unknown139@company.com,1234,010-4118-2793,서울특별시 마포구 아현동,2017-10-02,7,23,GEN01,MIL02,FAM01,0,[],HOME02
426,425,이현정,RANK02,TYPE01,이현정.unknown426@company.com,1234,070-6112-4049,서울특별시 성북구 삼선동,2021-10-16,3,58,GEN01,MIL01,FAM01,0,[],HOME02
649,648,박지민,RANK02,TYPE01,박지민.unknown649@company.com,1234,031-267-0807,서울특별시 도봉구 방학동,2015-05-31,9,26,GEN02,MIL01,FAM02,0,[],HOME01
643,642,이상현,RANK02,TYPE01,이상현.unknown643@company.com,1234,031-831-2039,서울특별시 종로구 권농동,2017-02-01,7,41,GEN01,MIL01,FAM02,0,[],HOME01
307,306,노서연,RANK02,TYPE01,노서연.unknown307@company.com,1234,033-586-4562,서울특별시 용산구 효창동,2016-09-12,8,34,GEN01,MIL03,FAM01,0,[],HOME01
341,340,김준서,RANK01,TYPE01,김준서.unknown341@company.com,1234,010-1377-6318,서울특별시 중구 예장동,2021-01-19,3,31,GEN02,MIL01,FAM01,0,[],HOME02
635,634,김정웅,RANK01,TYPE01,김정웅.unknown635@company.com,1234,032-242-8453,서울특별시 성동구 용답동,2018-07-20,6,41,GEN02,MIL01,FAM01,0,[],HOME02
286,285,김서준,RANK01,TYPE01,김서준.unknown286@company.com,1234,044-036-1665,서울특별시 동대문구 청량리동,2015-04-08,9,30,GEN02,MIL01,FAM01,0,[],HOME02
617,616,신영길,RANK01,TYPE01,신영길.unknown617@company.com,1234,055-490-3396,서울특별시 동대문구 장안동,2016-10-04,8,34,GEN02,MIL01,FAM01,0,[],HOME01
277,276,윤숙자,RANK01,TYPE01,윤숙자.unknown277@company.com,1234,064-791-3899,서울특별시 금천구 시흥동,2024-09-21,0,49,GEN02,MIL01,FAM02,2,"[2, 14]",HOME01
181,180,허상호,RANK01,TYPE01,허상호.unknown181@company.com,1234,011-567-2366,서울특별시 용산구 동빙고동,2019-09-10,5,60,GEN01,MIL01,FAM02,2,"[7, 13]",HOME01
678,677,이미경,RANK06,TYPE01,이미경.unknown678@company.com,1234,051-366-1044,서울특별시 성북구 정릉동,2023-10-30,1,30,GEN02,MIL01,FAM01,0,[],HOME01
585,584,김지후,RANK06,TYPE01,김지후.unknown585@company.com,1234,052-999-0682,서울특별시 강북구 미아동,2023-12-17,1,37,GEN01,MIL03,FAM02,2,"[11, 11]",HOME02
499,498,김보람,RANK06,TYPE01,김보람.unknown499@company.com,1234,011-785-7482,서울특별시 금천구 시흥동,2024-09-05,0,39,GEN01,MIL02,FAM01,0,[],HOME02
528,527,이하윤,RANK06,TYPE01,이하윤.unknown528@company.com,1234,054-482-6897,서울특별시 노원구 상계동,2017-02-14,7,42,GEN02,MIL01,FAM02,1,[16],HOME01
409,408,이중수,RANK06,TYPE01,이중수.unknown409@company.com,1234,054-442-2416,서울특별시 서대문구 창천동,2020-01-18,4,56,GEN02,MIL01,FAM01,0,[],HOME02
276,275,조정식,RANK06,TYPE01,조정식.unknown276@company.com,1234,044-687-8994,서울특별시 성북구 동선동,2023-06-25,1,40,GEN01,MIL01,FAM01,0,[],HOME02
698,697,김성수,RANK06,TYPE01,김성수.unknown698@company.com,1234,018-765-6380,서울특별시 도봉구 방학동,2021-01-14,3,55,GEN01,MIL01,FAM01,0,[],HOME01
53,52,서민정,RANK06,TYPE01,서민정.unknown053@company.com,1234,064-740-2576,서울특별시 광진구 군자동,2020-09-03,4,23,GEN02,MIL01,FAM01,0,[],HOME02
85,84,이준호,RANK06,TYPE01,이준호.unknown085@company.com,1234,054-462-0831,서울특별시 마포구 창전동,2017-07-07,7,22,GEN02,MIL01,FAM02,2,"[12, 9]",HOME01
342,341,강성현,RANK06,TYPE01,강성현.unknown342@company.com,1234,031-430-1172,서울특별시 서초구 서초동,2023-11-02,1,32,GEN01,MIL03,FAM02,0,[],HOME02
394,393,김은정,RANK06,TYPE01,김은정.unknown394@company.com,1234,018-954-3611,서울특별시 구로구 궁동,2017-06-15,7,24,GEN01,MIL02,FAM02,3,"[14, 15, 12]",HOME02
269,268,한경수,RANK05,TYPE01,한경수.unknown269@company.com,1234,053-329-1685,서울특별시 마포구 용강동,2021-10-10,3,22,GEN01,MIL02,FAM01,0,[],HOME01
136,135,한준호,RANK05,TYPE01,한준호.unknown136@company.com,1234,010-2049-3621,서울특별시 강서구 공항동,2017-03-21,7,49,GEN01,MIL01,FAM01,0,[],HOME02
26,25,서숙자,RANK05,TYPE01,서숙자.unknown026@company.com,1234,062-782-4374,서울특별시 서초구 내곡동,2022-06-04,2,28,GEN02,MIL01,FAM01,0,[],HOME02
159,158,이정순,RANK05,TYPE01,이정순.unknown159@company.com,1234,017-859-9314,서울특별시 노원구 공릉동,2021-11-08,3,44,GEN01,MIL01,FAM02,3,"[17, 16, 14]",HOME01
484,483,김성호,RANK05,TYPE01,김성호.unknown484@company.com,1234,041-566-5290,서울특별시 동대문구 제기동,2022-09-05,2,34,GEN02,MIL01,FAM02,0,[],HOME02
114,113,최성훈,RANK05,TYPE01,최성훈.unknown114@company.com,1234,016-355-1839,서울특별시 성동구 금호동,2022-08-06,2,36,GEN01,MIL02,FAM02,0,[],HOME01
368,367,박재호,RANK05,TYPE01,박재호.unknown368@company.com,1234,055-086-7288,서울특별시 강동구 둔촌동,2018-03-10,6,22,GEN01,MIL03,FAM02,3,"[17, 1, 8]",HOME01
253,252,이시우,RANK05,TYPE01,이시우.unknown253@company.com,1234,032-114-2709,서울특별시 강남구 일원동,2018-02-11,6,27,GEN01,MIL03,FAM02,2,"[14, 18]",HOME01
78,77,한민석,RANK05,TYPE01,한민석.unknown078@company.com,1234,061-126-2195,서울특별시 도봉구 도봉동,2014-12-09,10,37,GEN01,MIL03,FAM01,0,[],HOME02
367,366,이영순,RANK05,TYPE01,이영순.unknown367@company.com,1234,053-803-2739,서울특별시 양천구 신정동,2024-04-03,0,50,GEN01,MIL01,FAM01,0,[],HOME02
608,607,최정순,RANK05,TYPE01,최정순.unknown608@company.com,1234,044-391-2505,서울특별시 송파구 가락동,2022-12-10,2,35,GEN02,MIL01,FAM01,0,[],HOME02
632,631,김재호,RANK05,TYPE01,김재호.unknown632@company.com,1234,061-192-0072,서울특별시 노원구 월계동,2024-04-03,0,23,GEN01,MIL03,FAM01,0,[],HOME02
560,559,노영희,RANK04,TYPE01,노영희.unknown560@company.com,1234,010-1283-3857,서울특별시 서초구 방배동,2017-10-24,7,27,GEN01,MIL02,FAM01,0,[],HOME01
583,582,윤준호,RANK04,TYPE01,윤준호.unknown583@company.com,1234,016-951-5767,서울특별시 강서구 화곡동,2017-10-15,7,48,GEN02,MIL01,FAM02,1,[15],HOME01
5,4,이영환,RANK04,TYPE01,이영환.unknown005@company.com,1234,062-669-4648,서울특별시 성북구 장위동,2019-03-01,5,37,GEN01,MIL02,FAM01,0,[],HOME01
383,382,권지은,RANK04,TYPE01,권지은.unknown383@company.com,1234,010-6214-2807,서울특별시 양천구 목동,2018-05-11,6,30,GEN01,MIL03,FAM02,3,"[5, 7, 1]",HOME01
552,551,이성수,RANK04,TYPE01,이성수.unknown552@company.com,1234,055-530-4591,서울특별시 동대문구 장안동,2023-10-20,1,31,GEN01,MIL02,FAM01,0,[],HOME02
103,102,이은경,RANK04,TYPE01,이은경.unknown103@company.com,1234,061-488-5772,서울특별시 은평구 불광동,2018-09-25,6,58,GEN02,MIL01,FAM01,0,[],HOME02
447,446,김현지,RANK03,TYPE01,김현지.unknown447@company.com,1234,010-3923-4680,서울특별시 중구 동화동,2020-10-20,4,48,GEN02,MIL01,FAM01,0,[],HOME02
200,199,이우진,RANK03,TYPE01,이우진.unknown200@company.com,1234,019-495-8232,서울특별시 노원구 공릉동,2016-07-08,8,28,GEN02,MIL01,FAM02,1,[11],HOME02
413,412,이은지,RANK03,TYPE01,이은지.unknown413@company.com,1234,063-768-6746,서울특별시 송파구 석촌동,2022-01-09,2,57,GEN02,MIL01,FAM02,0,[],HOME01
402,401,조영진,RANK03,TYPE01,조영진.unknown402@company.com,1234,019-335-4876,서울특별시 관악구 청룡동,2021-04-30,3,54,GEN01,MIL01,FAM02,2,"[2, 13]",HOME01
128,127,김영수,RANK02,TYPE01,김영수.unknown128@company.com,1234,062-377-2642,서울특별시 영등포구 여의도동,2018-07-05,6,30,GEN02,MIL01,FAM02,0,[],HOME02
146,145,이윤서,RANK02,TYPE01,이윤서.unknown146@company.com,1234,041-501-2861,서울특별시 관악구 조원동,2021-04-06,3,57,GEN02,MIL01,FAM02,1,[9],HOME01
154,153,황은경,RANK02,TYPE01,황은경.unknown154@company.com,1234,044-531-6905,서울특별시 양천구 신정동,2016-03-27,8,25,GEN02,MIL01,FAM01,0,[],HOME02
524,523,유서연,RANK02,TYPE01,유서연.unknown524@company.com,1234,019-502-9106,서울특별시 관악구 신원동,2022-02-27,2,59,GEN02,MIL01,FAM01,0,[],HOME02
370,369,김준서,RANK02,TYPE01,김준서.unknown370@company.com,1234,052-095-2472,서울특별시 중구 묵정동,2017-02-10,7,42,GEN01,MIL01,FAM02,1,[9],HOME02
23,22,박민석,RANK01,TYPE01,박민석.unknown023@company.com,1234,070-3570-4385,서울특별시 금천구 가산동,2016-12-16,8,54,GEN02,MIL01,FAM02,3,"[17, 8, 15]",HOME02
623,622,이예원,RANK01,TYPE01,이예원.unknown623@company.com,1234,016-852-5468,서울특별시 성동구 사근동,2017-12-27,7,42,GEN02,MIL01,FAM02,2,"[8, 14]",HOME02
322,321,이도현,RANK01,TYPE01,이도현.unknown322@company.com,1234,032-492-8267,서울특별시 은평구 응암동,2018-11-08,6,53,GEN01,MIL01,FAM02,0,[],HOME02
270,269,이정남,RANK01,TYPE01,이정남.unknown270@company.com,1234,044-516-6008,서울특별시 강남구 개포동,2015-04-26,9,30,GEN02,MIL01,FAM01,0,[],HOME01
158,157,오지연,RANK01,TYPE01,오지연.unknown158@company.com,1234,063-211-7133,서울특별시 강남구 도곡동,2022-11-22,2,35,GEN01,MIL03,FAM02,3,"[16, 14, 15]",HOME02
611,610,김지연,RANK01,TYPE01,김지연.unknown611@company.com,1234,053-219-6678,서울특별시 금천구 독산동,2023-04-09,1,31,GEN01,MIL02,FAM01,0,[],HOME02
612,611,박지은,RANK01,TYPE01,박지은.unknown612@company.com,1234,011-026-5724,서울특별시 광진구 광장동,2017-05-02,7,43,GEN02,MIL01,FAM02,3,"[11, 7, 14]",HOME01
582,581,김성호,RANK01,TYPE01,김성호.unknown582@company.com,1234,010-8288-5304,서울특별시 용산구 도원동,2023-06-08,1,44,GEN01,MIL01,FAM02,0,[],HOME02
397,396,박상훈,RANK01,TYPE01,박상훈.unknown397@company.com,1234,019-992-2242,서울특별시 용산구 동자동,2020-02-14,4,33,GEN02,MIL01,FAM01,0,[],HOME02
339,338,강민석,RANK01,TYPE01,강민석.unknown339@company.com,1234,053-493-1930,서울특별시 용산구 한남동,2023-11-01,1,31,GEN02,MIL01,FAM01,0,[],HOME02
535,534,김상현,RANK01,TYPE01,김상현.unknown535@company.com,1234,042-573-7280,서울특별시 강북구 우이동,2021-01-04,3,50,GEN02,MIL01,FAM01,0,[],HOME02
203,202,하은진,RANK06,TYPE01,하은진.unknown203@company.com,1234,061-323-6599,서울특별시 은평구 녹번동,2021-01-20,3,50,GEN02,MIL01,FAM01,0,[],HOME02
167,166,이정남,RANK06,TYPE01,이정남.unknown167@company.com,1234,055-298-0999,서울특별시 성동구 상왕십리동,2022-11-15,2,58,GEN02,MIL01,FAM02,0,[],HOME01
391,390,김민수,RANK06,TYPE01,김민수.unknown391@company.com,1234,053-319-6769,서울특별시 금천구 가산동,2016-01-11,8,32,GEN02,MIL01,FAM01,0,[],HOME02
216,215,최은지,RANK06,TYPE01,최은지.unknown216@company.com,1234,041-477-3845,서울특별시 관악구 인헌동,2023-05-01,1,60,GEN02,MIL01,FAM02,0,[],HOME02
692,691,김명숙,RANK06,TYPE01,김명숙.unknown692@company.com,1234,031-653-4539,서울특별시 노원구 중계동,2021-01-01,3,43,GEN01,MIL01,FAM02,3,"[12, 18, 17]",HOME01
51,50,김지아,RANK06,TYPE01,김지아.unknown051@company.com,1234,018-276-5921,서울특별시 송파구 장지동,2015-12-27,9,36,GEN02,MIL01,FAM01,0,[],HOME02
218,217,김영숙,RANK06,TYPE01,김영숙.unknown218@company.com,1234,044-214-1433,서울특별시 강남구 수서동,2022-07-26,2,33,GEN02,MIL01,FAM01,0,[],HOME02
591,590,강미영,RANK06,TYPE01,강미영.unknown591@company.com,1234,053-547-0289,서울특별시 중랑구 묵동,2018-11-11,6,31,GEN01,MIL03,FAM01,0,[],HOME02
460,459,김경희,RANK05,TYPE01,김경희.unknown460@company.com,1234,063-626-5529,서울특별시 강북구 우이동,2018-06-20,6,39,GEN02,MIL01,FAM01,0,[],HOME02
620,619,김영호,RANK05,TYPE01,김영호.unknown620@company.com,1234,011-549-6654,서울특별시 강서구 마곡동,2023-07-01,1,55,GEN02,MIL01,FAM01,0,[],HOME02
475,474,서채원,RANK05,TYPE01,서채원.unknown475@company.com,1234,042-115-3641,서울특별시 구로구 항동,2017-10-19,7,40,GEN02,MIL01,FAM02,3,"[1, 4, 14]",HOME01
235,234,김서영,RANK05,TYPE01,김서영.unknown235@company.com,1234,017-027-6323,서울특별시 강남구 논현동,2016-09-01,8,29,GEN01,MIL03,FAM01,0,[],HOME02
450,449,이도현,RANK04,TYPE01,이도현.unknown450@company.com,1234,043-340-7957,서울특별시 강서구 공항동,2016-01-07,8,32,GEN01,MIL02,FAM02,2,"[12, 4]",HOME01
445,444,김정훈,RANK04,TYPE01,김정훈.unknown445@company.com,1234,010-7714-9067,서울특별시 영등포구 문래동,2022-08-02,2,29,GEN02,MIL01,FAM01,0,[],HOME01
427,426,황순자,RANK04,TYPE01,황순자.unknown427@company.com,1234,044-285-2175,서울특별시 구로구 신도림동,2024-01-08,0,44,GEN01,MIL01,FAM02,1,[4],HOME01
589,588,백민준,RANK04,TYPE01,백민준.unknown589@company.com,1234,064-744-0340,서울특별시 강서구 화곡동,2016-05-05,8,34,GEN01,MIL02,FAM01,0,[],HOME01
425,424,이진호,RANK04,TYPE01,이진호.unknown425@company.com,1234,031-460-9360,서울특별시 성동구 행당동,2019-12-02,5,41,GEN02,MIL01,FAM02,2,"[6, 11]",HOME01
629,628,노미영,RANK04,TYPE01,노미영.unknown629@company.com,1234,063-553-3050,서울특별시 영등포구 당산동,2024-03-05,0,31,GEN01,MIL03,FAM02,1,[13],HOME01
389,388,민정호,RANK04,TYPE01,민정호.unknown389@company.com,1234,018-019-4127,서울특별시 서초구 잠원동,2020-07-06,4,31,GEN02,MIL01,FAM01,0,[],HOME02
125,124,오예지,RANK04,TYPE01,오예지.unknown125@company.com,1234,070-9166-6369,서울특별시 강남구 도곡동,2024-04-01,0,29,GEN01,MIL02,FAM01,0,[],HOME01
324,323,이상호,RANK04,TYPE01,이상호.unknown324@company.com,1234,042-967-6460,서울특별시 동대문구 회기동,2015-10-02,9,58,GEN01,MIL01,FAM01,0,[],HOME02
300,299,송재호,RANK04,TYPE01,송재호.unknown300@company.com,1234,032-182-7759,서울특별시 중랑구 중화동,2014-11-27,10,40,GEN02,MIL01,FAM01,0,[],HOME02
310,309,권옥자,RANK04,TYPE01,권옥자.unknown310@company.com,1234,031-285-6860,서울특별시 은평구 역촌동,2024-04-20,0,53,GEN02,MIL01,FAM01,0,[],HOME02
207,206,김혜진,RANK04,TYPE01,김혜진.unknown207@company.com,1234,011-622-8824,서울특별시 동작구 대방동,2020-08-25,4,34,GEN02,MIL01,FAM01,0,[],HOME02
32,31,오채원,RANK04,TYPE01,오채원.unknown032@company.com,1234,018-884-5962,서울특별시 양천구 신월동,2022-08-04,2,25,GEN01,MIL02,FAM02,3,"[8, 17, 16]",HOME01
382,381,박숙자,RANK04,TYPE01,박숙자.unknown382@company.com,1234,052-622-5681,서울특별시 동대문구 이문동,2022-07-04,2,24,GEN01,MIL03,FAM02,2,"[17, 10]",HOME01
170,169,최서윤,RANK04,TYPE01,최서윤.unknown170@company.com,1234,064-782-4156,서울특별시 중구 소공동,2022-11-14,2,43,GEN01,MIL01,FAM01,0,[],HOME02
224,223,이현지,RANK04,TYPE01,이현지.unknown224@company.com,1234,018-102-8343,서울특별시 강남구 대치동,2024-06-15,0,41,GEN01,MIL01,FAM02,2,"[9, 1]",HOME01
512,511,김준호,RANK04,TYPE01,김준호.unknown512@company.com,1234,044-886-5273,서울특별시 동작구 신대방동,2019-11-27,5,34,GEN01,MIL02,FAM01,0,[],HOME02
257,256,이서영,RANK03,TYPE01,이서영.unknown257@company.com,1234,044-952-3660,서울특별시 용산구 서빙고동,2020-12-31,4,47,GEN01,MIL01,FAM02,1,[16],HOME01
434,433,황상현,RANK03,TYPE01,황상현.unknown434@company.com,1234,064-757-2805,서울특별시 광진구 자양동,2019-02-14,5,43,GEN02,MIL01,FAM02,2,"[12, 7]",HOME01
231,230,박도현,RANK03,TYPE01,박도현.unknown231@company.com,1234,052-730-8676,서울특별시 구로구 궁동,2023-06-25,1,24,GEN01,MIL03,FAM02,3,"[14, 4, 3]",HOME01
11,10,박정숙,RANK03,TYPE01,박정숙.unknown011@company.com,1234,070-9289-4414,서울특별시 도봉구 창동,2015-10-29,9,31,GEN02,MIL01,FAM02,2,"[15, 5]",HOME01
13,12,이우진,RANK03,TYPE01,이우진.unknown013@company.com,1234,055-251-1404,서울특별시 광진구 구의동,2019-05-31,5,49,GEN01,MIL01,FAM02,0,[],HOME01
61,60,김승현,RANK03,TYPE01,김승현.unknown061@company.com,1234,061-544-8259,서울특별시 성북구 성북동,2015-08-17,9,57,GEN02,MIL01,FAM01,0,[],HOME02
463,462,고하윤,RANK03,TYPE01,고하윤.unknown463@company.com,1234,019-064-5114,서울특별시 동작구 사당동,2016-09-28,8,37,GEN01,MIL02,FAM01,0,[],HOME02
492,491,이명숙,RANK03,TYPE01,이명숙.unknown492@company.com,1234,016-665-8950,서울특별시 서초구 양재동,2021-10-03,3,55,GEN01,MIL01,FAM01,0,[],HOME01
605,604,김은영,RANK02,TYPE01,김은영.unknown605@company.com,1234,032-873-0416,서울특별시 강동구 천호동,2020-09-19,4,25,GEN02,MIL01,FAM01,0,[],HOME02
54,53,장민재,RANK02,TYPE01,장민재.unknown054@company.com,1234,031-504-1597,서울특별시 송파구 송파동,2020-02-29,4,28,GEN01,MIL03,FAM01,0,[],HOME02
614,613,허지연,RANK02,TYPE01,허지연.unknown614@company.com,1234,055-069-2073,서울특별시 광진구 구의동,2020-11-24,4,36,GEN02,MIL01,FAM01,0,[],HOME02
20,19,진준영,RANK02,TYPE01,진준영.unknown020@company.com,1234,042-724-3410,서울특별시 성동구 마장동,2017-01-16,7,52,GEN01,MIL01,FAM02,3,"[5, 6, 3]",HOME02
29,28,이민지,RANK02,TYPE01,이민지.unknown029@company.com,1234,041-702-9904,서울특별시 관악구 난곡동,2016-07-23,8,53,GEN02,MIL01,FAM02,2,"[12, 2]",HOME01
174,173,최정식,RANK02,TYPE01,최정식.unknown174@company.com,1234,051-509-7493,서울특별시 노원구 중계동,2023-02-13,1,56,GEN02,MIL01,FAM01,0,[],HOME02
173,172,안숙자,RANK02,TYPE01,안숙자.unknown173@company.com,1234,051-066-3521,서울특별시 강동구 둔촌동,2022-07-14,2,41,GEN01,MIL01,FAM01,0,[],HOME02
658,657,김성민,RANK02,TYPE01,김성민.unknown658@company.com,1234,053-867-7962,서울특별시 서대문구 북아현동,2022-06-16,2,29,GEN02,MIL01,FAM01,0,[],HOME02
656,655,강예은,RANK02,TYPE01,강예은.unknown656@company.com,1234,018-976-8426,서울특별시 구로구 천왕동,2015-08-26,9,41,GEN02,MIL01,FAM01,0,[],HOME02
96,95,박경희,RANK01,TYPE01,박경희.unknown096@company.com,1234,043-249-4626,서울특별시 금천구 가산동,2019-10-06,5,43,GEN02,MIL01,FAM02,1,[13],HOME01
212,211,김시우,RANK01,TYPE01,김시우.unknown212@company.com,1234,010-5126-2115,서울특별시 구로구 개봉동,2018-08-16,6,48,GEN01,MIL01,FAM02,2,"[14, 7]",HOME01
505,504,김정남,RANK01,TYPE01,김정남.unknown505@company.com,1234,054-344-8466,서울특별시 송파구 방이동,2023-09-11,1,23,GEN01,MIL03,FAM01,0,[],HOME01
48,47,정해린,RANK06,TYPE01,박서현.unknown048@company.com,1234,062-873-6440,서울특별시 구로구 오류동,2020-05-23,4,55,GEN02,MIL01,FAM01,0,[],HOME02
520,519,백영길,RANK06,TYPE01,백영길.unknown520@company.com,1234,055-831-7684,서울특별시 구로구 구로동,2020-11-16,4,30,GEN01,MIL02,FAM02,0,[],HOME01
315,314,백현주,RANK06,TYPE01,백현주.unknown315@company.com,1234,070-6208-2175,서울특별시 강동구 둔촌동,2024-04-17,0,45,GEN02,MIL01,FAM01,0,[],HOME02
357,356,권현주,RANK06,TYPE01,권현주.unknown357@company.com,1234,016-384-7908,서울특별시 성북구 삼선동,2016-06-16,8,31,GEN01,MIL03,FAM01,0,[],HOME02
392,391,서준영,RANK06,TYPE01,서준영.unknown392@company.com,1234,010-0563-9126,서울특별시 은평구 대조동,2020-10-05,4,59,GEN01,MIL01,FAM02,2,"[15, 16]",HOME01
403,402,박은서,RANK06,TYPE01,박은서.unknown403@company.com,1234,031-670-3911,서울특별시 강동구 천호동,2024-07-25,0,30,GEN02,MIL01,FAM01,0,[],HOME02
230,229,최지후,RANK05,TYPE01,최지후.unknown230@company.com,1234,044-098-5349,서울특별시 성동구 왕십리동,2021-11-14,3,37,GEN02,MIL01,FAM01,0,[],HOME02
578,577,강아름,RANK05,TYPE01,강아름.unknown578@company.com,1234,063-875-7099,서울특별시 구로구 오류동,2017-07-01,7,51,GEN02,MIL01,FAM02,1,[1],HOME01
569,568,이지아,RANK05,TYPE01,이지아.unknown569@company.com,1234,062-024-1129,서울특별시 은평구 진관동,2024-07-28,0,51,GEN02,MIL01,FAM01,0,[],HOME02
106,105,양진우,RANK05,TYPE01,양진우.unknown106@company.com,1234,018-869-2859,서울특별시 은평구 녹번동,2024-07-07,0,44,GEN01,MIL01,FAM02,0,[],HOME02
263,262,하수진,RANK04,TYPE01,하수진.unknown263@company.com,1234,051-432-9313,서울특별시 종로구 삼청동,2020-05-16,4,57,GEN02,MIL01,FAM02,3,"[12, 9, 10]",HOME02
80,79,서은정,RANK04,TYPE01,서은정.unknown080@company.com,1234,033-511-0832,서울특별시 서초구 염곡동,2021-07-19,3,29,GEN02,MIL01,FAM02,0,[],HOME02
89,88,손현우,RANK04,TYPE01,손현우.unknown089@company.com,1234,018-127-8671,서울특별시 관악구 신림동,2021-12-21,3,60,GEN02,MIL01,FAM02,2,"[12, 4]",HOME02
306,305,박민재,RANK04,TYPE01,박민재.unknown306@company.com,1234,043-786-1197,서울특별시 영등포구 신길동,2020-08-15,4,22,GEN02,MIL01,FAM01,0,[],HOME02
164,163,김성민,RANK04,TYPE01,김성민.unknown164@company.com,1234,055-460-8342,서울특별시 강동구 암사동,2024-03-04,0,24,GEN01,MIL03,FAM01,0,[],HOME01
533,532,김승현,RANK04,TYPE01,김승현.unknown533@company.com,1234,063-720-6105,서울특별시 서초구 내곡동,2014-12-22,10,25,GEN02,MIL01,FAM01,0,[],HOME02
221,220,박영숙,RANK04,TYPE01,박영숙.unknown221@company.com,1234,011-470-4900,서울특별시 서초구 원지동,2024-08-09,0,53,GEN01,MIL01,FAM01,0,[],HOME02
337,336,김현정,RANK04,TYPE01,김현정.unknown337@company.com,1234,055-973-8708,서울특별시 성북구 길음동,2024-11-11,0,24,GEN02,MIL01,FAM01,0,[],HOME02
333,332,최서연,RANK04,TYPE01,최서연.unknown333@company.com,1234,051-491-9326,서울특별시 구로구 오류동,2018-06-20,6,26,GEN01,MIL02,FAM01,0,[],HOME02
119,118,류영진,RANK04,TYPE01,류영진.unknown119@company.com,1234,061-589-8317,서울특별시 관악구 행운동,2023-07-15,1,42,GEN02,MIL01,FAM01,0,[],HOME02
129,128,김정식,RANK03,TYPE01,김정식.unknown129@company.com,1234,018-507-9281,서울특별시 강서구 염창동,2021-12-07,3,48,GEN01,MIL01,FAM02,3,"[4, 9, 11]",HOME02
395,394,김예준,RANK03,TYPE01,김예준.unknown395@company.com,1234,044-762-5564,서울특별시 구로구 개봉동,2016-10-12,8,43,GEN02,MIL01,FAM01,0,[],HOME02
677,676,김수빈,RANK03,TYPE01,김수빈.unknown677@company.com,1234,053-542-4425,서울특별시 동대문구 이문동,2019-11-15,5,33,GEN02,MIL01,FAM02,0,[],HOME02
202,201,김상호,RANK03,TYPE01,김상호.unknown202@company.com,1234,016-637-1482,서울특별시 강동구 천호동,2018-08-12,6,33,GEN02,MIL01,FAM02,2,"[16, 18]",HOME01
408,407,이민서,RANK03,TYPE01,이민서.unknown408@company.com,1234,017-554-2051,서울특별시 강북구 수유동,2019-10-11,5,42,GEN02,MIL01,FAM01,0,[],HOME02
93,92,김영진,RANK02,TYPE01,김영진.unknown093@company.com,1234,031-647-6694,서울특별시 광진구 군자동,2023-11-29,1,60,GEN01,MIL01,FAM02,2,"[4, 1]",HOME01
653,652,황상훈,RANK02,TYPE01,황상훈.unknown653@company.com,1234,043-878-0090,서울특별시 동대문구 답십리동,2019-12-16,5,34,GEN01,MIL02,FAM02,0,[],HOME01
536,535,이동현,RANK02,TYPE01,이동현.unknown536@company.com,1234,055-674-2991,서울특별시 광진구 자양동,2021-11-10,3,57,GEN01,MIL01,FAM02,3,"[9, 9, 6]",HOME01
133,132,오영식,RANK02,TYPE01,오영식.unknown133@company.com,1234,031-976-8461,서울특별시 송파구 장지동,2017-10-01,7,30,GEN01,MIL03,FAM02,0,[],HOME01
579,578,김순자,RANK02,TYPE01,김순자.unknown579@company.com,1234,061-109-8040,서울특별시 구로구 개봉동,2017-02-06,7,42,GEN02,MIL01,FAM01,0,[],HOME02
584,583,권건우,RANK02,TYPE01,권건우.unknown584@company.com,1234,052-958-1649,서울특별시 강서구 마곡동,2023-12-23,1,49,GEN02,MIL01,FAM01,0,[],HOME02
157,156,고영호,RANK02,TYPE01,고영호.unknown157@company.com,1234,033-688-9376,서울특별시 서초구 서초동,2018-07-24,6,23,GEN01,MIL02,FAM01,0,[],HOME01
246,245,최혜진,RANK02,TYPE01,최혜진.unknown246@company.com,1234,062-649-7053,서울특별시 성북구 하월곡동,2024-09-07,0,59,GEN02,MIL01,FAM02,0,[],HOME01
626,625,이정남,RANK01,TYPE01,이정남.unknown626@company.com,1234,062-135-3131,서울특별시 강북구 번동,2020-04-07,4,27,GEN02,MIL01,FAM02,2,"[3, 6]",HOME01
384,383,장재호,RANK01,TYPE01,장재호.unknown384@company.com,1234,042-486-5596,서울특별시 구로구 신도림동,2021-08-09,3,48,GEN01,MIL01,FAM02,2,"[8, 13]",HOME01
669,668,이재현,RANK01,TYPE01,이재현.unknown669@company.com,1234,042-643-1084,서울특별시 광진구 구의동,2019-11-10,5,40,GEN01,MIL01,FAM01,0,[],HOME01
685,684,최서현,RANK01,TYPE01,최서현.unknown685@company.com,1234,019-494-5443,서울특별시 강북구 우이동,2024-06-19,0,39,GEN01,MIL02,FAM01,0,[],HOME02
506,505,윤성호,RANK01,TYPE01,윤성호.unknown506@company.com,1234,055-334-5699,서울특별시 동작구 상도동,2019-04-23,5,36,GEN02,MIL01,FAM01,0,[],HOME01
573,572,송영철,RANK01,TYPE01,송영철.unknown573@company.com,1234,019-494-8734,서울특별시 금천구 시흥동,2024-02-18,0,47,GEN01,MIL01,FAM01,0,[],HOME01
126,125,박정식,RANK01,TYPE01,박정식.unknown126@company.com,1234,052-991-0313,서울특별시 강남구 신사동,2022-08-19,2,53,GEN01,MIL01,FAM01,0,[],HOME01
479,478,박성호,RANK01,TYPE01,박성호.unknown479@company.com,1234,062-294-4843,서울특별시 마포구 대흥동,2020-06-12,4,39,GEN02,MIL01,FAM02,1,[1],HOME01
437,436,이상훈,RANK01,TYPE01,이상훈.unknown437@company.com,1234,033-476-1365,서울특별시 성북구 종암동,2020-05-24,4,43,GEN01,MIL01,FAM01,0,[],HOME01
50,49,문건우,RANK06,TYPE01,이민석.unknown050@company.com,1234,063-159-7384,서울특별시 구로구 항동,2022-10-02,2,51,GEN01,MIL01,FAM01,0,[],HOME02
638,637,김정훈,RANK06,TYPE01,김정훈.unknown638@company.com,1234,044-588-5919,서울특별시 도봉구 도봉동,2015-06-17,9,53,GEN02,MIL01,FAM02,2,"[8, 9]",HOME02
335,334,박은서,RANK06,TYPE01,박은서.unknown335@company.com,1234,064-761-3128,서울특별시 동대문구 답십리동,2016-09-17,8,37,GEN02,MIL01,FAM02,3,"[7, 5, 6]",HOME01
440,439,이영미,RANK06,TYPE01,이영미.unknown440@company.com,1234,043-826-0266,서울특별시 강동구 천호동,2016-02-20,8,44,GEN02,MIL01,FAM01,0,[],HOME02
108,107,김예준,RANK06,TYPE01,김예준.unknown108@company.com,1234,041-174-4458,서울특별시 강서구 외발산동,2022-04-04,2,37,GEN02,MIL01,FAM02,3,"[14, 7, 5]",HOME01
532,531,김준호,RANK06,TYPE01,김준호.unknown532@company.com,1234,041-857-5428,서울특별시 송파구 방이동,2017-09-19,7,31,GEN01,MIL02,FAM01,0,[],HOME02
682,681,양영자,RANK06,TYPE01,양영자.unknown682@company.com,1234,043-274-4600,서울특별시 성동구 사근동,2024-02-04,0,31,GEN02,MIL01,FAM01,0,[],HOME02
644,643,심동현,RANK05,TYPE01,심동현.unknown644@company.com,1234,064-739-7674,서울특별시 강남구 일원동,2020-09-15,4,25,GEN02,MIL01,FAM02,2,"[7, 3]",HOME01
504,503,김지현,RANK05,TYPE01,김지현.unknown504@company.com,1234,055-506-5947,서울특별시 중랑구 망우동,2022-03-03,2,60,GEN01,MIL01,FAM02,1,[14],HOME01
630,629,김준서,RANK05,TYPE01,김준서.unknown630@company.com,1234,019-789-5104,서울특별시 용산구 효창동,2022-09-05,2,28,GEN01,MIL03,FAM02,2,"[6, 12]",HOME02
622,621,강영호,RANK05,TYPE01,강영호.unknown622@company.com,1234,055-391-7809,서울특별시 송파구 석촌동,2017-07-16,7,31,GEN02,MIL01,FAM02,1,[16],HOME01
297,296,김현우,RANK05,TYPE01,김현우.unknown297@company.com,1234,019-498-8596,서울특별시 서초구 서초동,2023-02-24,1,36,GEN01,MIL03,FAM01,0,[],HOME02
313,312,양주원,RANK05,TYPE01,양주원.unknown313@company.com,1234,055-762-5936,서울특별시 송파구 장지동,2016-11-25,8,43,GEN02,MIL01,FAM01,0,[],HOME02
295,294,이병철,RANK05,TYPE01,이병철.unknown295@company.com,1234,010-5900-2792,서울특별시 성동구 송정동,2019-06-14,5,53,GEN02,MIL01,FAM01,0,[],HOME02
654,653,서미경,RANK05,TYPE01,서미경.unknown654@company.com,1234,02-7653-4983,서울특별시 서대문구 봉원동,2019-04-30,5,37,GEN01,MIL03,FAM01,0,[],HOME02
488,487,서정자,RANK05,TYPE01,서정자.unknown488@company.com,1234,051-930-3625,서울특별시 성동구 상왕십리동,2016-09-17,8,54,GEN01,MIL01,FAM02,1,[18],HOME01
326,325,김미영,RANK05,TYPE01,김미영.unknown326@company.com,1234,032-274-8085,서울특별시 영등포구 영등포동,2023-06-06,1,24,GEN01,MIL02,FAM01,0,[],HOME02
508,507,강선영,RANK05,TYPE01,강선영.unknown508@company.com,1234,02-5869-5277,서울특별시 양천구 신정동,2021-10-10,3,28,GEN01,MIL03,FAM01,0,[],HOME02
372,371,박서연,RANK04,TYPE01,박서연.unknown372@company.com,1234,053-712-0563,서울특별시 도봉구 도봉동,2020-12-20,4,49,GEN02,MIL01,FAM02,2,"[11, 14]",HOME01
473,472,이종수,RANK04,TYPE01,이종수.unknown473@company.com,1234,042-508-5511,서울특별시 광진구 광장동,2016-09-13,8,25,GEN02,MIL01,FAM01,0,[],HOME02
448,447,한상철,RANK04,TYPE01,한상철.unknown448@company.com,1234,061-776-3834,서울특별시 마포구 연남동,2017-03-07,7,24,GEN01,MIL02,FAM02,0,[],HOME02
672,671,김정식,RANK04,TYPE01,김정식.unknown672@company.com,1234,051-955-3554,서울특별시 구로구 오류동,2021-09-11,3,42,GEN01,MIL01,FAM01,0,[],HOME02
28,27,김정희,RANK04,TYPE01,김정희.unknown028@company.com,1234,02-3466-4058,서울특별시 강북구 우이동,2015-11-21,9,51,GEN01,MIL01,FAM02,1,[11],HOME02
116,115,이건우,RANK03,TYPE01,이건우.unknown116@company.com,1234,042-157-7989,서울특별시 금천구 시흥동,2022-05-31,2,51,GEN01,MIL01,FAM02,1,[12],HOME02
98,97,김현우,RANK03,TYPE01,김현우.unknown098@company.com,1234,063-795-0904,서울특별시 도봉구 쌍문동,2023-04-14,1,26,GEN02,MIL01,FAM01,0,[],HOME02
248,247,최수빈,RANK03,TYPE01,최수빈.unknown248@company.com,1234,016-077-4805,서울특별시 동대문구 회기동,2020-10-20,4,25,GEN02,MIL01,FAM01,0,[],HOME02
406,405,이선영,RANK03,TYPE01,이선영.unknown406@company.com,1234,044-722-8700,서울특별시 중구 산림동,2020-02-18,4,26,GEN01,MIL02,FAM01,0,[],HOME02
155,154,김경희,RANK03,TYPE01,김경희.unknown155@company.com,1234,010-6596-2159,서울특별시 금천구 시흥동,2016-01-18,8,57,GEN02,MIL01,FAM02,1,[8],HOME01
588,587,양은경,RANK03,TYPE01,양은경.unknown588@company.com,1234,051-982-9252,서울특별시 강동구 고덕동,2020-09-20,4,33,GEN01,MIL03,FAM01,0,[],HOME02
111,110,서민서,RANK03,TYPE01,서민서.unknown111@company.com,1234,011-368-8687,서울특별시 성북구 보문동,2014-11-28,10,22,GEN02,MIL01,FAM01,0,[],HOME02
267,266,주민석,RANK03,TYPE01,주민석.unknown267@company.com,1234,051-034-5806,서울특별시 동대문구 신설동,2017-09-05,7,46,GEN02,MIL01,FAM02,0,[],HOME01
150,149,송영자,RANK03,TYPE01,송영자.unknown150@company.com,1234,051-290-5372,서울특별시 성북구 동선동,2022-11-04,2,59,GEN01,MIL01,FAM02,3,"[4, 16, 12]",HOME01
16,15,윤현주,RANK03,TYPE01,윤현주.unknown016@company.com,1234,018-971-0572,서울특별시 강서구 가양동,2016-02-20,8,22,GEN01,MIL02,FAM02,1,[8],HOME01
538,537,정지민,RANK03,TYPE01,정지민.unknown538@company.com,1234,052-926-7367,서울특별시 영등포구 여의도동,2022-04-26,2,43,GEN02,MIL01,FAM02,0,[],HOME01
433,432,강지원,RANK02,TYPE01,강지원.unknown433@company.com,1234,052-653-3799,서울특별시 노원구 상계동,2020-06-11,4,39,GEN01,MIL02,FAM02,0,[],HOME01
452,451,김영수,RANK02,TYPE01,김영수.unknown452@company.com,1234,019-814-1059,서울특별시 강동구 성내동,2018-08-28,6,47,GEN01,MIL01,FAM02,3,"[7, 15, 10]",HOME01
381,380,최은지,RANK02,TYPE01,최은지.unknown381@company.com,1234,062-038-3105,서울특별시 성동구 용답동,2020-03-04,4,22,GEN02,MIL01,FAM02,1,[15],HOME01
509,508,김미영,RANK02,TYPE01,김미영.unknown509@company.com,1234,019-318-6205,서울특별시 중구 예장동,2017-03-07,7,56,GEN01,MIL01,FAM01,0,[],HOME02
179,178,권서영,RANK02,TYPE01,권서영.unknown179@company.com,1234,055-251-0985,서울특별시 마포구 서교동,2017-05-08,7,37,GEN02,MIL01,FAM02,1,[9],HOME01
606,605,이지훈,RANK01,TYPE01,이지훈.unknown606@company.com,1234,032-063-6596,서울특별시 성동구 금호동,2018-06-08,6,31,GEN01,MIL03,FAM02,3,"[5, 11, 14]",HOME01
453,452,김영자,RANK01,TYPE01,김영자.unknown453@company.com,1234,032-726-2652,서울특별시 중랑구 면목동,2016-06-04,8,31,GEN01,MIL03,FAM01,0,[],HOME02
255,254,류상철,RANK01,TYPE01,류상철.unknown255@company.com,1234,011-123-7247,서울특별시 성북구 종암동,2019-12-18,5,49,GEN01,MIL01,FAM02,2,"[11, 17]",HOME01
486,485,최예은,RANK01,TYPE01,최예은.unknown486@company.com,1234,051-740-4504,서울특별시 강남구 개포동,2023-09-04,1,57,GEN01,MIL01,FAM01,0,[],HOME02
464,463,김도윤,RANK06,TYPE01,김도윤.unknown464@company.com,1234,051-926-3174,서울특별시 송파구 방이동,2023-08-04,1,27,GEN01,MIL03,FAM02,3,"[14, 2, 13]",HOME01
340,339,박중수,RANK06,TYPE01,박중수.unknown340@company.com,1234,043-333-1289,서울특별시 관악구 중앙동,2021-04-25,3,48,GEN02,MIL01,FAM02,1,[6],HOME01
196,195,안옥순,RANK06,TYPE01,안옥순.unknown196@company.com,1234,018-703-6807,서울특별시 노원구 공릉동,2023-07-17,1,32,GEN01,MIL02,FAM02,3,"[5, 5, 2]",HOME02
650,649,김은지,RANK06,TYPE01,김은지.unknown650@company.com,1234,055-163-6881,서울특별시 성동구 행당동,2021-04-29,3,58,GEN01,MIL01,FAM02,2,"[18, 15]",HOME01
664,663,김동현,RANK06,TYPE01,김동현.unknown664@company.com,1234,02-2188-0214,서울특별시 성동구 행당동,2018-07-18,6,58,GEN01,MIL01,FAM01,0,[],HOME02
264,263,김성진,RANK06,TYPE01,김성진.unknown264@company.com,1234,061-565-4570,서울특별시 은평구 역촌동,2019-07-13,5,59,GEN01,MIL01,FAM02,0,[],HOME01
8,7,김정남,RANK06,TYPE01,김정남.unknown008@company.com,1234,033-355-4244,서울특별시 관악구 남현동,2021-04-25,3,34,GEN01,MIL02,FAM02,0,[],HOME01
521,520,이정웅,RANK06,TYPE01,이정웅.unknown521@company.com,1234,019-849-0225,서울특별시 도봉구 창동,2023-09-21,1,54,GEN02,MIL01,FAM01,0,[],HOME01
195,194,김성수,RANK06,TYPE01,김성수.unknown195@company.com,1234,064-730-4073,서울특별시 광진구 자양동,2018-03-11,6,39,GEN02,MIL01,FAM01,0,[],HOME01
547,546,강성수,RANK06,TYPE01,강성수.unknown547@company.com,1234,070-0688-2777,서울특별시 용산구 동자동,2016-07-16,8,43,GEN01,MIL01,FAM01,0,[],HOME02
104,103,김광수,RANK05,TYPE01,김광수.unknown104@company.com,1234,041-212-4117,서울특별시 노원구 중계동,2018-07-27,6,46,GEN01,MIL01,FAM01,0,[],HOME02
311,310,김하윤,RANK05,TYPE01,김하윤.unknown311@company.com,1234,062-912-9374,서울특별시 영등포구 당산동,2024-05-06,0,57,GEN01,MIL01,FAM01,0,[],HOME02
651,650,권예진,RANK05,TYPE01,권예진.unknown651@company.com,1234,019-510-0852,서울특별시 동작구 흑석동,2021-05-02,3,42,GEN01,MIL01,FAM02,0,[],HOME01
113,112,이미숙,RANK05,TYPE01,이미숙.unknown113@company.com,1234,016-580-6100,서울특별시 강남구 삼성동,2021-03-09,3,57,GEN01,MIL01,FAM01,0,[],HOME02
239,238,이종수,RANK05,TYPE01,이종수.unknown239@company.com,1234,02-9349-6464,서울특별시 강북구 우이동,2017-01-25,7,28,GEN02,MIL01,FAM01,0,[],HOME02
404,403,윤현지,RANK05,TYPE01,윤현지.unknown404@company.com,1234,031-547-7667,서울특별시 노원구 공릉동,2019-11-08,5,46,GEN01,MIL01,FAM01,0,[],HOME02
621,620,서재현,RANK05,TYPE01,서재현.unknown621@company.com,1234,044-703-4540,서울특별시 성북구 정릉동,2014-11-27,10,30,GEN01,MIL03,FAM01,0,[],HOME02
261,260,주민준,RANK04,TYPE01,주민준.unknown261@company.com,1234,061-984-8111,서울특별시 은평구 불광동,2024-06-17,0,41,GEN01,MIL01,FAM02,1,[4],HOME01
487,486,정지원,RANK04,TYPE01,정지원.unknown487@company.com,1234,018-304-0354,서울특별시 금천구 가산동,2015-08-22,9,26,GEN01,MIL03,FAM02,2,"[10, 13]",HOME01
101,100,최영환,RANK04,TYPE01,최영환.unknown101@company.com,1234,053-724-5431,서울특별시 도봉구 쌍문동,2015-06-07,9,41,GEN01,MIL01,FAM02,3,"[14, 13, 7]",HOME01
76,75,장지민,RANK04,TYPE01,장지민.unknown076@company.com,1234,061-884-3960,서울특별시 중구 서소문동,2015-06-13,9,44,GEN01,MIL01,FAM02,1,[16],HOME02
87,86,백승현,RANK04,TYPE01,백승현.unknown087@company.com,1234,070-1498-0219,서울특별시 중구 광희동,2019-03-08,5,46,GEN01,MIL01,FAM01,0,[],HOME01
625,624,김현주,RANK04,TYPE01,김현주.unknown625@company.com,1234,032-395-4451,서울특별시 마포구 노고산동,2020-06-13,4,49,GEN01,MIL01,FAM01,0,[],HOME02
243,242,이은정,RANK04,TYPE01,이은정.unknown243@company.com,1234,016-796-7659,서울특별시 강서구 방화동,2016-02-08,8,26,GEN02,MIL01,FAM02,2,"[2, 7]",HOME01
293,292,김영환,RANK04,TYPE01,김영환.unknown293@company.com,1234,063-045-9396,서울특별시 광진구 화양동,2023-08-01,1,37,GEN02,MIL01,FAM02,3,"[3, 10, 13]",HOME01
163,162,차정식,RANK04,TYPE01,차정식.unknown163@company.com,1234,051-410-0353,서울특별시 중구 방산동,2020-12-23,4,43,GEN02,MIL01,FAM02,3,"[8, 8, 15]",HOME01
107,106,최상철,RANK04,TYPE01,최상철.unknown107@company.com,1234,031-448-4297,서울특별시 동대문구 휘경동,2018-08-30,6,56,GEN01,MIL01,FAM02,3,"[17, 9, 10]",HOME01
531,530,김정호,RANK04,TYPE01,김정호.unknown531@company.com,1234,070-9751-7153,서울특별시 성동구 사근동,2021-02-28,3,32,GEN02,MIL01,FAM02,2,"[3, 12]",HOME01
141,140,김은경,RANK04,TYPE01,김은경.unknown141@company.com,1234,070-6654-6179,서울특별시 구로구 궁동,2020-03-30,4,28,GEN01,MIL02,FAM02,3,"[12, 14, 1]",HOME01
233,232,이지후,RANK03,TYPE01,이지후.unknown233@company.com,1234,052-285-6147,서울특별시 서대문구 냉천동,2019-06-24,5,58,GEN02,MIL01,FAM01,0,[],HOME02
265,264,이진호,RANK03,TYPE01,이진호.unknown265@company.com,1234,02-0100-8604,서울특별시 성동구 홍익동,2023-05-10,1,27,GEN01,MIL03,FAM01,0,[],HOME02
599,598,이재호,RANK03,TYPE01,이재호.unknown599@company.com,1234,062-497-0211,서울특별시 은평구 대조동,2017-07-12,7,24,GEN02,MIL01,FAM01,0,[],HOME02
365,364,이지영,RANK03,TYPE01,이지영.unknown365@company.com,1234,018-788-5712,서울특별시 중구 남대문로동,2023-11-10,1,59,GEN01,MIL01,FAM01,0,[],HOME02
123,122,김민준,RANK02,TYPE01,김민준.unknown123@company.com,1234,018-463-7910,서울특별시 금천구 가산동,2021-02-06,3,31,GEN02,MIL01,FAM02,1,[13],HOME01
329,328,윤영길,RANK02,TYPE01,윤영길.unknown329@company.com,1234,010-6872-2820,서울특별시 양천구 목동,2015-10-22,9,31,GEN01,MIL02,FAM02,3,"[9, 10, 7]",HOME01
45,44,김윤서,RANK02,TYPE01,김윤서.unknown045@company.com,1234,041-419-5915,서울특별시 강남구 논현동,2017-10-08,7,41,GEN01,MIL01,FAM01,0,[],HOME02
38,37,이현지,RANK02,TYPE01,이현지.unknown038@company.com,1234,011-764-2451,서울특별시 종로구 내수동,2023-01-18,1,43,GEN01,MIL01,FAM02,1,[9],HOME01
553,552,조하윤,RANK02,TYPE01,조하윤.unknown553@company.com,1234,052-298-8162,서울특별시 중랑구 망우동,2017-01-02,7,46,GEN02,MIL01,FAM01,0,[],HOME01
478,477,노민재,RANK01,TYPE01,노민재.unknown478@company.com,1234,02-3258-8486,서울특별시 성북구 돈암동,2017-04-02,7,45,GEN01,MIL01,FAM01,0,[],HOME02
539,538,안숙자,RANK01,TYPE01,안숙자.unknown539@company.com,1234,061-606-8566,서울특별시 동대문구 장안동,2018-04-26,6,55,GEN01,MIL01,FAM01,0,[],HOME02
182,181,안윤서,RANK01,TYPE01,안윤서.unknown182@company.com,1234,061-609-8949,서울특별시 중구 소공동,2016-01-28,8,29,GEN02,MIL01,FAM01,0,[],HOME02
542,541,서은영,RANK01,TYPE01,서은영.unknown542@company.com,1234,062-741-0581,서울특별시 송파구 신천동,2015-02-08,9,41,GEN02,MIL01,FAM02,0,[],HOME02
189,188,황은영,RANK06,TYPE01,황은영.unknown189@company.com,1234,070-3578-6169,서울특별시 중구 남산동,2019-02-05,5,39,GEN02,MIL01,FAM01,0,[],HOME01
466,465,김민석,RANK06,TYPE01,김민석.unknown466@company.com,1234,018-007-9955,서울특별시 관악구 서원동,2018-05-22,6,28,GEN02,MIL01,FAM01,0,[],HOME02
596,595,오숙자,RANK06,TYPE01,오숙자.unknown596@company.com,1234,043-220-7643,서울특별시 동대문구 휘경동,2019-04-07,5,22,GEN01,MIL02,FAM01,0,[],HOME02
645,644,김영철,RANK06,TYPE01,김영철.unknown645@company.com,1234,032-869-3253,서울특별시 종로구 삼청동,2024-07-08,0,51,GEN02,MIL01,FAM01,0,[],HOME02
687,686,장동현,RANK06,TYPE01,장동현.unknown687@company.com,1234,016-423-0207,서울특별시 양천구 신월동,2024-01-02,0,36,GEN02,MIL01,FAM01,0,[],HOME02
639,638,송순자,RANK06,TYPE01,송순자.unknown639@company.com,1234,062-091-0567,서울특별시 도봉구 창동,2023-06-06,1,49,GEN02,MIL01,FAM01,0,[],HOME01
62,61,이지현,RANK06,TYPE01,이지현.unknown062@company.com,1234,062-179-0253,서울특별시 성동구 성수동,2015-12-20,9,53,GEN02,MIL01,FAM02,3,"[7, 5, 16]",HOME01
317,316,김지우,RANK06,TYPE01,김지우.unknown317@company.com,1234,016-264-8162,서울특별시 강북구 미아동,2021-07-04,3,57,GEN01,MIL01,FAM02,2,"[14, 9]",HOME02
301,300,강병철,RANK06,TYPE01,강병철.unknown301@company.com,1234,063-454-2156,서울특별시 마포구 토정동,2019-04-02,5,27,GEN01,MIL02,FAM01,0,[],HOME01
380,379,김경자,RANK06,TYPE01,김경자.unknown380@company.com,1234,064-771-2581,서울특별시 강북구 번동,2022-04-09,2,54,GEN01,MIL01,FAM02,3,"[3, 4, 18]",HOME01
43,42,주경숙,RANK06,TYPE01,주경숙.unknown043@company.com,1234,032-456-3007,서울특별시 동대문구 장안동,2024-01-18,0,60,GEN01,MIL01,FAM01,0,[],HOME02
131,130,박서연,RANK05,TYPE01,박서연.unknown131@company.com,1234,055-845-2460,서울특별시 양천구 목동,2024-11-16,0,57,GEN02,MIL01,FAM02,0,[],HOME02
172,171,최지영,RANK05,TYPE01,최지영.unknown172@company.com,1234,054-494-5276,서울특별시 구로구 항동,2023-01-25,1,36,GEN01,MIL02,FAM01,0,[],HOME02
491,490,박준호,RANK05,TYPE01,박준호.unknown491@company.com,1234,033-864-6806,서울특별시 송파구 잠실동,2016-09-17,8,29,GEN01,MIL02,FAM01,0,[],HOME02
56,55,김예진,RANK05,TYPE01,김예진.unknown056@company.com,1234,051-577-3243,서울특별시 동작구 노량진동,2019-09-27,5,45,GEN01,MIL01,FAM01,0,[],HOME02
550,549,이재호,RANK05,TYPE01,이재호.unknown550@company.com,1234,031-028-5048,서울특별시 영등포구 문래동,2017-06-07,7,45,GEN01,MIL01,FAM02,2,"[15, 1]",HOME02
319,318,남은주,RANK05,TYPE01,남은주.unknown319@company.com,1234,011-568-9368,서울특별시 송파구 신천동,2024-11-20,0,47,GEN01,MIL01,FAM01,0,[],HOME02
619,618,김병철,RANK05,TYPE01,김병철.unknown619@company.com,1234,070-7944-5460,서울특별시 노원구 월계동,2020-05-30,4,38,GEN02,MIL01,FAM01,0,[],HOME01
336,335,하은주,RANK05,TYPE01,하은주.unknown336@company.com,1234,033-289-8775,서울특별시 서대문구 옥천동,2024-07-14,0,32,GEN02,MIL01,FAM02,1,[7],HOME01
634,633,오은정,RANK04,TYPE01,오은정.unknown634@company.com,1234,017-374-8422,서울특별시 강서구 마곡동,2023-05-24,1,41,GEN02,MIL01,FAM01,0,[],HOME02
495,494,박정호,RANK04,TYPE01,박정호.unknown495@company.com,1234,053-088-8387,서울특별시 관악구 서림동,2015-12-04,9,26,GEN02,MIL01,FAM02,0,[],HOME01
175,174,배현정,RANK04,TYPE01,배현정.unknown175@company.com,1234,051-828-8439,서울특별시 종로구 수송동,2022-09-29,2,55,GEN01,MIL01,FAM01,0,[],HOME01
423,422,박성호,RANK04,TYPE01,박성호.unknown423@company.com,1234,054-828-9218,서울특별시 강동구 강일동,2022-11-03,2,60,GEN02,MIL01,FAM01,0,[],HOME02
92,91,강지영,RANK04,TYPE01,강지영.unknown092@company.com,1234,041-789-0127,서울특별시 용산구 한강로동,2016-04-24,8,54,GEN01,MIL01,FAM01,0,[],HOME02
323,322,최정숙,RANK04,TYPE01,최정숙.unknown323@company.com,1234,064-700-6479,서울특별시 금천구 가산동,2016-05-06,8,57,GEN01,MIL01,FAM02,0,[],HOME01
420,419,김민서,RANK03,TYPE01,김민서.unknown420@company.com,1234,053-244-9300,서울특별시 서초구 양재동,2016-02-17,8,43,GEN01,MIL01,FAM01,0,[],HOME02
100,99,송준영,RANK03,TYPE01,송준영.unknown100@company.com,1234,051-381-4351,서울특별시 구로구 신도림동,2015-11-15,9,22,GEN02,MIL01,FAM01,0,[],HOME02
661,660,남선영,RANK03,TYPE01,남선영.unknown661@company.com,1234,02-1843-8219,서울특별시 종로구 통인동,2023-07-23,1,49,GEN01,MIL01,FAM02,1,[12],HOME01
566,565,한지은,RANK03,TYPE01,한지은.unknown566@company.com,1234,052-915-9432,서울특별시 송파구 송파동,2023-11-13,1,57,GEN01,MIL01,FAM01,0,[],HOME02
244,243,김정순,RANK03,TYPE01,김정순.unknown244@company.com,1234,017-884-1915,서울특별시 영등포구 대림동,2022-07-07,2,58,GEN02,MIL01,FAM01,0,[],HOME02
430,429,김정희,RANK02,TYPE01,김정희.unknown430@company.com,1234,010-9121-4120,서울특별시 성북구 종암동,2023-12-03,1,51,GEN01,MIL01,FAM02,3,"[10, 6, 15]",HOME01
122,121,이현정,RANK02,TYPE01,이현정.unknown122@company.com,1234,019-911-0027,서울특별시 도봉구 방학동,2017-02-07,7,42,GEN01,MIL01,FAM02,1,[5],HOME02
148,147,김영숙,RANK02,TYPE01,김영숙.unknown148@company.com,1234,018-789-8773,서울특별시 송파구 방이동,2016-01-22,8,52,GEN01,MIL01,FAM02,1,[4],HOME02
555,554,최재호,RANK02,TYPE01,최재호.unknown555@company.com,1234,051-998-8997,서울특별시 중랑구 망우동,2018-09-20,6,24,GEN02,MIL01,FAM02,1,[1],HOME01
679,678,이미경,RANK02,TYPE01,이미경.unknown679@company.com,1234,031-754-3777,서울특별시 양천구 신월동,2017-06-06,7,55,GEN02,MIL01,FAM01,0,[],HOME02
284,283,박도윤,RANK02,TYPE01,박도윤.unknown284@company.com,1234,043-749-8670,서울특별시 양천구 목동,2018-09-24,6,33,GEN01,MIL03,FAM01,0,[],HOME02
272,271,김혜진,RANK02,TYPE01,김혜진.unknown272@company.com,1234,064-796-1459,서울특별시 도봉구 도봉동,2022-09-16,2,44,GEN02,MIL01,FAM02,3,"[13, 13, 1]",HOME01
627,626,서지현,RANK02,TYPE01,서지현.unknown627@company.com,1234,033-827-0355,서울특별시 마포구 마포동,2022-03-23,2,44,GEN01,MIL01,FAM01,0,[],HOME01
24,23,남지연,RANK02,TYPE01,남지연.unknown024@company.com,1234,044-731-7013,서울특별시 양천구 목동,2018-09-06,6,42,GEN02,MIL01,FAM01,0,[],HOME02
431,430,권현지,RANK02,TYPE01,권현지.unknown431@company.com,1234,019-148-2895,서울특별시 양천구 목동,2016-09-21,8,56,GEN01,MIL01,FAM02,0,[],HOME01
194,193,오상철,RANK01,TYPE01,오상철.unknown194@company.com,1234,052-311-3949,서울특별시 중구 수하동,2024-07-03,0,45,GEN01,MIL01,FAM01,0,[],HOME01
454,453,이성호,RANK01,TYPE01,이성호.unknown454@company.com,1234,032-734-6084,서울특별시 강남구 청담동,2020-07-26,4,45,GEN02,MIL01,FAM02,3,"[12, 12, 16]",HOME01
362,361,권승현,RANK01,TYPE01,권승현.unknown362@company.com,1234,033-290-6958,서울특별시 강서구 공항동,2015-03-13,9,23,GEN01,MIL02,FAM01,0,[],HOME01
570,569,김영환,RANK01,TYPE01,김영환.unknown570@company.com,1234,016-867-4234,서울특별시 강북구 미아동,2015-02-24,9,46,GEN01,MIL01,FAM02,3,"[4, 4, 5]",HOME02
109,108,이상철,RANK01,TYPE01,이상철.unknown109@company.com,1234,011-882-9577,서울특별시 동대문구 휘경동,2017-01-01,7,55,GEN02,MIL01,FAM02,0,[],HOME01
151,150,장지현,RANK01,TYPE01,장지현.unknown151@company.com,1234,016-470-0616,서울특별시 송파구 삼전동,2024-07-18,0,23,GEN01,MIL02,FAM01,0,[],HOME02
237,236,김정호,RANK01,TYPE01,김정호.unknown237@company.com,1234,064-756-4846,서울특별시 양천구 목동,2016-04-19,8,51,GEN01,MIL01,FAM02,1,[15],HOME01
292,291,박영길,RANK06,TYPE01,박영길.unknown292@company.com,1234,043-902-1204,서울특별시 강서구 화곡동,2024-01-13,0,48,GEN02,MIL01,FAM01,0,[],HOME02
180,179,최지민,RANK06,TYPE01,최지민.unknown180@company.com,1234,016-045-1986,서울특별시 서대문구 옥천동,2017-11-21,7,48,GEN02,MIL01,FAM02,2,"[3, 9]",HOME01
515,514,문상훈,RANK06,TYPE01,문상훈.unknown515@company.com,1234,033-690-2755,서울특별시 강남구 수서동,2017-11-12,7,24,GEN01,MIL02,FAM01,0,[],HOME01
563,562,박현우,RANK06,TYPE01,박현우.unknown563@company.com,1234,032-586-8732,서울특별시 강동구 길동,2017-08-31,7,48,GEN02,MIL01,FAM01,0,[],HOME01
369,368,배현정,RANK06,TYPE01,배현정.unknown369@company.com,1234,070-0362-8203,서울특별시 은평구 녹번동,2023-08-20,1,50,GEN02,MIL01,FAM02,2,"[4, 15]",HOME01
681,680,최정호,RANK06,TYPE01,최정호.unknown681@company.com,1234,017-976-5122,서울특별시 도봉구 방학동,2024-04-28,0,36,GEN02,MIL01,FAM01,0,[],HOME02
58,57,이시우,RANK06,TYPE01,이시우.unknown058@company.com,1234,02-6575-3942,서울특별시 구로구 고척동,2017-02-11,7,35,GEN02,MIL01,FAM01,0,[],HOME02
137,136,박현정,RANK06,TYPE01,박현정.unknown137@company.com,1234,017-479-0468,서울특별시 관악구 낙성대동,2024-06-30,0,34,GEN02,MIL01,FAM01,0,[],HOME01
600,599,김민준,RANK05,TYPE01,김민준.unknown600@company.com,1234,051-959-6126,서울특별시 성북구 삼선동,2024-08-09,0,29,GEN02,MIL01,FAM02,0,[],HOME01
343,342,남민석,RANK05,TYPE01,남민석.unknown343@company.com,1234,011-277-7459,서울특별시 성동구 상왕십리동,2020-02-26,4,23,GEN02,MIL01,FAM02,0,[],HOME01
359,358,민민석,RANK05,TYPE01,민민석.unknown359@company.com,1234,042-622-3740,서울특별시 서대문구 홍은동,2024-05-25,0,31,GEN01,MIL02,FAM02,2,"[16, 7]",HOME01
631,630,박서윤,RANK05,TYPE01,박서윤.unknown631@company.com,1234,019-535-2968,서울특별시 은평구 수색동,2015-05-16,9,44,GEN01,MIL01,FAM02,1,[11],HOME01
245,244,김준호,RANK05,TYPE01,김준호.unknown245@company.com,1234,051-416-2650,서울특별시 중랑구 중화동,2016-09-24,8,48,GEN02,MIL01,FAM02,3,"[13, 10, 10]",HOME02
609,608,양춘자,RANK05,TYPE01,양춘자.unknown609@company.com,1234,032-366-4848,서울특별시 관악구 청림동,2024-07-31,0,32,GEN01,MIL02,FAM02,1,[12],HOME01
77,76,윤현주,RANK04,TYPE01,윤현주.unknown077@company.com,1234,043-048-1127,서울특별시 마포구 창전동,2021-07-17,3,22,GEN01,MIL02,FAM01,0,[],HOME02
274,273,김영수,RANK04,TYPE01,김영수.unknown274@company.com,1234,016-792-8322,서울특별시 양천구 신정동,2020-09-03,4,43,GEN02,MIL01,FAM02,1,[5],HOME01
94,93,이춘자,RANK04,TYPE01,이춘자.unknown094@company.com,1234,010-5845-5680,서울특별시 금천구 가산동,2018-03-12,6,43,GEN01,MIL01,FAM01,0,[],HOME02
525,524,임지민,RANK04,TYPE01,임지민.unknown525@company.com,1234,016-951-7222,서울특별시 서대문구 홍제동,2017-12-12,7,47,GEN02,MIL01,FAM01,0,[],HOME02
691,690,윤민지,RANK04,TYPE01,윤민지.unknown691@company.com,1234,011-123-1743,서울특별시 마포구 토정동,2024-01-21,0,23,GEN01,MIL03,FAM02,2,"[16, 4]",HOME02
328,327,최지은,RANK04,TYPE01,최지은.unknown328@company.com,1234,011-236-6131,서울특별시 구로구 오류동,2017-06-03,7,47,GEN02,MIL01,FAM02,0,[],HOME01
377,376,전지민,RANK04,TYPE01,전지민.unknown377@company.com,1234,018-898-1107,서울특별시 성동구 옥수동,2017-01-15,7,59,GEN01,MIL01,FAM02,3,"[16, 17, 10]",HOME02
260,259,김현지,RANK04,TYPE01,김현지.unknown260@company.com,1234,052-927-1589,서울특별시 금천구 독산동,2016-11-20,8,48,GEN01,MIL01,FAM01,0,[],HOME02
18,17,김옥자,RANK04,TYPE01,김옥자.unknown018@company.com,1234,032-608-5730,서울특별시 도봉구 창동,2024-11-16,0,52,GEN02,MIL01,FAM02,3,"[11, 3, 8]",HOME01
291,290,류승현,RANK03,TYPE01,류승현.unknown291@company.com,1234,042-739-8856,서울특별시 송파구 석촌동,2020-10-03,4,30,GEN01,MIL02,FAM01,0,[],HOME02
213,212,백하은,RANK03,TYPE01,백하은.unknown213@company.com,1234,064-765-6388,서울특별시 강서구 염창동,2019-05-05,5,28,GEN02,MIL01,FAM01,0,[],HOME01
432,431,문미정,RANK03,TYPE01,문미정.unknown432@company.com,1234,044-921-9097,서울특별시 마포구 서교동,2022-07-26,2,39,GEN01,MIL02,FAM02,2,"[16, 1]",HOME01
565,564,김정남,RANK03,TYPE01,김정남.unknown565@company.com,1234,053-039-8934,서울특별시 강서구 화곡동,2018-02-20,6,53,GEN02,MIL01,FAM01,0,[],HOME02
642,641,이재호,RANK03,TYPE01,이재호.unknown642@company.com,1234,018-294-2167,서울특별시 서초구 우면동,2019-01-12,5,29,GEN02,MIL01,FAM01,0,[],HOME01
143,142,이현숙,RANK03,TYPE01,이현숙.unknown143@company.com,1234,016-935-8239,서울특별시 양천구 신정동,2023-09-17,1,42,GEN01,MIL01,FAM02,2,"[9, 12]",HOME02
88,87,김진우,RANK03,TYPE01,김진우.unknown088@company.com,1234,018-743-8002,서울특별시 은평구 신사동,2018-03-29,6,28,GEN02,MIL01,FAM01,0,[],HOME02
10,9,이도윤,RANK03,TYPE01,이도윤.unknown010@company.com,1234,070-2868-4760,서울특별시 구로구 천왕동,2023-02-13,1,32,GEN02,MIL01,FAM02,3,"[12, 7, 11]",HOME01
33,32,신도현,RANK03,TYPE01,신도현.unknown033@company.com,1234,055-053-2312,서울특별시 용산구 이태원동,2019-06-11,5,45,GEN01,MIL01,FAM01,0,[],HOME02
581,580,오은주,RANK02,TYPE01,오은주.unknown581@company.com,1234,064-794-0018,서울특별시 노원구 중계동,2022-06-19,2,24,GEN01,MIL02,FAM02,1,[8],HOME01
345,344,류서연,RANK02,TYPE01,류서연.unknown345@company.com,1234,043-199-3847,서울특별시 마포구 성산동,2023-11-25,1,45,GEN02,MIL01,FAM02,3,"[11, 15, 11]",HOME02
210,209,이민수,RANK02,TYPE01,이민수.unknown210@company.com,1234,051-385-0782,서울특별시 노원구 상계동,2021-10-04,3,26,GEN02,MIL01,FAM02,2,"[1, 7]",HOME01
459,458,김준혁,RANK02,TYPE01,김준혁.unknown459@company.com,1234,062-521-7345,서울특별시 서대문구 미근동,2023-07-03,1,30,GEN02,MIL01,FAM01,0,[],HOME01
371,370,박시우,RANK02,TYPE01,박시우.unknown371@company.com,1234,070-5282-8280,서울특별시 강서구 가양동,2017-08-30,7,25,GEN02,MIL01,FAM01,0,[],HOME02
598,597,나동현,RANK02,TYPE01,나동현.unknown598@company.com,1234,031-902-0251,서울특별시 구로구 개봉동,2022-08-09,2,30,GEN02,MIL01,FAM01,0,[],HOME02
316,315,전성민,RANK02,TYPE01,전성민.unknown316@company.com,1234,063-111-3996,서울특별시 종로구 인사동,2020-04-11,4,59,GEN02,MIL01,FAM01,0,[],HOME02
198,197,김정웅,RANK02,TYPE01,김정웅.unknown198@company.com,1234,010-0379-1734,서울특별시 강북구 번동,2022-05-05,2,32,GEN01,MIL02,FAM01,0,[],HOME02
592,591,최서윤,RANK01,TYPE01,최서윤.unknown592@company.com,1234,061-561-0137,서울특별시 관악구 신림동,2016-04-24,8,59,GEN02,MIL01,FAM01,0,[],HOME02
219,218,홍영진,RANK01,TYPE01,홍영진.unknown219@company.com,1234,062-440-1154,서울특별시 도봉구 방학동,2022-12-12,2,37,GEN02,MIL01,FAM02,3,"[15, 9, 14]",HOME01
671,670,김동현,RANK01,TYPE01,김동현.unknown671@company.com,1234,011-455-6285,서울특별시 영등포구 도림동,2015-12-16,9,33,GEN01,MIL03,FAM02,0,[],HOME02
64,63,권영호,RANK01,TYPE01,권영호.unknown064@company.com,1234,051-704-5391,서울특별시 영등포구 문래동,2024-06-28,0,35,GEN02,MIL01,FAM01,0,[],HOME02
52,51,이민준,RANK01,TYPE01,이민준.unknown052@company.com,1234,044-610-7074,서울특별시 송파구 오금동,2016-10-26,8,33,GEN02,MIL01,FAM01,0,[],HOME02
399,398,김순옥,RANK01,TYPE01,김순옥.unknown399@company.com,1234,041-448-7704,서울특별시 송파구 문정동,2023-08-24,1,27,GEN02,MIL01,FAM01,0,[],HOME02
400,399,김영수,RANK06,TYPE01,김영수.unknown400@company.com,1234,054-320-6161,서울특별시 관악구 남현동,2015-11-06,9,44,GEN02,MIL01,FAM02,1,[5],HOME01
353,352,권지아,RANK06,TYPE01,권지아.unknown353@company.com,1234,010-0489-6138,서울특별시 금천구 가산동,2018-04-18,6,51,GEN02,MIL01,FAM02,1,[9],HOME02
236,235,송성수,RANK06,TYPE01,송성수.unknown236@company.com,1234,017-899-6228,서울특별시 중랑구 신내동,2017-02-22,7,35,GEN01,MIL02,FAM01,0,[],HOME02
304,303,김현준,RANK06,TYPE01,김현준.unknown304@company.com,1234,052-903-0543,서울특별시 종로구 숭인동,2018-05-28,6,38,GEN02,MIL01,FAM02,3,"[15, 11, 17]",HOME01
110,109,이예지,RANK06,TYPE01,이예지.unknown110@company.com,1234,044-195-6455,서울특별시 영등포구 당산동,2020-02-03,4,53,GEN02,MIL01,FAM01,0,[],HOME02
436,435,김영숙,RANK06,TYPE01,김영숙.unknown436@company.com,1234,031-894-9113,서울특별시 광진구 능동,2016-06-09,8,53,GEN02,MIL01,FAM02,0,[],HOME01
577,576,김예준,RANK06,TYPE01,김예준.unknown577@company.com,1234,062-106-4905,서울특별시 동대문구 이문동,2023-08-16,1,25,GEN02,MIL01,FAM01,0,[],HOME02
543,542,김지영,RANK06,TYPE01,김지영.unknown543@company.com,1234,016-864-7289,서울특별시 금천구 가산동,2022-03-15,2,38,GEN01,MIL03,FAM01,0,[],HOME02
63,62,김보람,RANK05,TYPE01,김보람.unknown063@company.com,1234,017-375-0075,서울특별시 은평구 수색동,2017-10-21,7,34,GEN01,MIL02,FAM01,0,[],HOME02
562,561,송영길,RANK05,TYPE01,송영길.unknown562@company.com,1234,052-659-0576,서울특별시 구로구 항동,2021-04-07,3,38,GEN02,MIL01,FAM01,0,[],HOME02
177,176,박영숙,RANK05,TYPE01,박영숙.unknown177@company.com,1234,053-149-3324,서울특별시 서초구 잠원동,2016-03-04,8,44,GEN02,MIL01,FAM02,0,[],HOME01
206,205,김상훈,RANK05,TYPE01,김상훈.unknown206@company.com,1234,055-540-5598,서울특별시 송파구 잠실동,2016-04-03,8,24,GEN02,MIL01,FAM01,0,[],HOME02
34,33,오민수,RANK04,TYPE01,오민수.unknown034@company.com,1234,044-736-6749,서울특별시 강서구 염창동,2020-07-16,4,32,GEN02,MIL01,FAM01,0,[],HOME02
567,566,김영진,RANK04,TYPE01,김영진.unknown567@company.com,1234,016-763-9140,서울특별시 서대문구 영천동,2015-02-28,9,35,GEN01,MIL03,FAM01,0,[],HOME02
378,377,조건우,RANK04,TYPE01,조건우.unknown378@company.com,1234,010-9070-0172,서울특별시 은평구 대조동,2024-06-18,0,59,GEN02,MIL01,FAM01,0,[],HOME02
309,308,박준영,RANK04,TYPE01,박준영.unknown309@company.com,1234,043-454-3622,서울특별시 강서구 화곡동,2024-07-28,0,53,GEN01,MIL01,FAM02,3,"[17, 13, 8]",HOME02
105,104,문윤서,RANK04,TYPE01,문윤서.unknown105@company.com,1234,051-377-6666,서울특별시 금천구 가산동,2017-11-04,7,24,GEN02,MIL01,FAM02,0,[],HOME01
303,302,서수빈,RANK03,TYPE01,서수빈.unknown303@company.com,1234,041-167-3676,서울특별시 강서구 방화동,2022-01-14,2,32,GEN02,MIL01,FAM02,0,[],HOME02
238,237,장지아,RANK03,TYPE01,장지아.unknown238@company.com,1234,010-4797-1067,서울특별시 중구 을지로동,2014-12-15,10,42,GEN01,MIL01,FAM01,0,[],HOME01
294,293,이도윤,RANK03,TYPE01,이도윤.unknown294@company.com,1234,019-016-2498,서울특별시 성북구 길음동,2019-01-24,5,58,GEN02,MIL01,FAM02,3,"[6, 14, 18]",HOME01
364,363,김춘자,RANK03,TYPE01,김춘자.unknown364@company.com,1234,017-966-4434,서울특별시 영등포구 문래동,2020-09-04,4,31,GEN01,MIL03,FAM02,3,"[17, 16, 6]",HOME01
666,665,유지우,RANK03,TYPE01,유지우.unknown666@company.com,1234,043-632-3341,서울특별시 서초구 반포동,2016-12-10,8,50,GEN02,MIL01,FAM01,0,[],HOME01
358,357,이채원,RANK03,TYPE01,이채원.unknown358@company.com,1234,051-078-5004,서울특별시 양천구 목동,2017-06-02,7,40,GEN02,MIL01,FAM02,0,[],HOME01
561,560,이하윤,RANK03,TYPE01,이하윤.unknown561@company.com,1234,032-015-6572,서울특별시 광진구 화양동,2016-09-27,8,33,GEN01,MIL02,FAM02,2,"[12, 13]",HOME01
637,636,한은지,RANK03,TYPE01,한은지.unknown637@company.com,1234,061-188-1539,서울특별시 중랑구 면목동,2021-08-20,3,29,GEN01,MIL02,FAM01,0,[],HOME02
648,647,김영식,RANK03,TYPE01,김영식.unknown648@company.com,1234,055-257-7956,서울특별시 영등포구 신길동,2022-12-18,2,59,GEN01,MIL01,FAM01,0,[],HOME02
120,119,김은경,RANK03,TYPE01,김은경.unknown120@company.com,1234,018-452-7571,서울특별시 영등포구 도림동,2015-08-11,9,58,GEN01,MIL01,FAM02,2,"[5, 2]",HOME01
700,699,박경희,RANK03,TYPE01,박경희.unknown700@company.com,1234,018-993-3301,서울특별시 종로구 사직동,2018-01-27,6,57,GEN01,MIL01,FAM02,1,[2],HOME01
497,496,장은경,RANK03,TYPE01,장은경.unknown497@company.com,1234,070-6388-4242,서울특별시 성동구 마장동,2017-04-07,7,35,GEN01,MIL03,FAM02,2,"[12, 12]",HOME01
575,574,권미숙,RANK03,TYPE01,권미숙.unknown575@company.com,1234,051-264-1486,서울특별시 구로구 천왕동,2022-01-14,2,41,GEN01,MIL01,FAM02,3,"[2, 12, 17]",HOME01
593,592,김아름,RANK02,TYPE01,김아름.unknown593@company.com,1234,041-639-6703,서울특별시 도봉구 도봉동,2018-12-24,6,28,GEN02,MIL01,FAM01,0,[],HOME02
527,526,이서준,RANK02,TYPE01,이서준.unknown527@company.com,1234,064-763-7033,서울특별시 도봉구 방학동,2023-08-12,1,50,GEN02,MIL01,FAM02,3,"[9, 4, 8]",HOME01
74,73,강영숙,RANK02,TYPE01,강영숙.unknown074@company.com,1234,062-905-6689,서울특별시 중랑구 묵동,2024-07-28,0,22,GEN02,MIL01,FAM01,0,[],HOME01
676,675,김미정,RANK02,TYPE01,김미정.unknown676@company.com,1234,063-288-2033,서울특별시 영등포구 양평동,2016-12-02,8,38,GEN01,MIL02,FAM01,0,[],HOME02
117,116,서도현,RANK02,TYPE01,서도현.unknown117@company.com,1234,051-647-7761,서울특별시 종로구 관철동,2017-03-16,7,32,GEN02,MIL01,FAM01,0,[],HOME02
278,277,박현지,RANK02,TYPE01,박현지.unknown278@company.com,1234,011-802-0394,서울특별시 성동구 홍익동,2017-05-24,7,22,GEN02,MIL01,FAM01,0,[],HOME02
443,442,조아름,RANK02,TYPE01,조아름.unknown443@company.com,1234,02-8811-2037,서울특별시 노원구 공릉동,2023-11-30,1,29,GEN02,MIL01,FAM02,2,"[11, 13]",HOME01
518,517,심정수,RANK02,TYPE01,심정수.unknown518@company.com,1234,017-805-6619,서울특별시 중랑구 망우동,2017-07-01,7,37,GEN01,MIL03,FAM01,0,[],HOME02
9,8,권정수,RANK01,TYPE01,권정수.unknown009@company.com,1234,017-550-0589,서울특별시 영등포구 대림동,2020-08-01,4,44,GEN02,MIL01,FAM01,0,[],HOME02
449,448,김정자,RANK01,TYPE01,김정자.unknown449@company.com,1234,018-253-7468,서울특별시 관악구 은천동,2018-07-14,6,33,GEN02,MIL01,FAM01,0,[],HOME02
147,146,배영호,RANK01,TYPE01,배영호.unknown147@company.com,1234,052-588-9603,서울특별시 노원구 중계동,2017-10-06,7,37,GEN02,MIL01,FAM01,0,[],HOME02
59,58,이성수,RANK01,TYPE01,이성수.unknown059@company.com,1234,042-502-5553,서울특별시 광진구 능동,2021-12-12,3,37,GEN01,MIL02,FAM01,0,[],HOME02
228,227,류민서,RANK01,TYPE01,류민서.unknown228@company.com,1234,018-685-8320,서울특별시 동작구 대방동,2016-02-29,8,56,GEN02,MIL01,FAM01,0,[],HOME02
35,34,김경자,RANK01,TYPE01,김경자.unknown035@company.com,1234,061-991-9669,서울특별시 용산구 용문동,2023-10-02,1,54,GEN02,MIL01,FAM01,0,[],HOME02
166,165,이민수,RANK01,TYPE01,이민수.unknown166@company.com,1234,043-630-0140,서울특별시 강남구 삼성동,2018-09-26,6,53,GEN02,MIL01,FAM01,0,[],HOME02
124,123,김은주,RANK01,TYPE01,김은주.unknown124@company.com,1234,051-348-0797,서울특별시 강동구 성내동,2016-11-12,8,28,GEN01,MIL03,FAM02,0,[],HOME01
214,213,한예준,RANK01,TYPE01,한예준.unknown214@company.com,1234,044-878-7685,서울특별시 광진구 구의동,2022-08-07,2,25,GEN02,MIL01,FAM02,2,"[15, 14]",HOME01
363,362,김상호,RANK06,TYPE01,김상호.unknown363@company.com,1234,041-111-1065,서울특별시 관악구 서림동,2020-06-17,4,52,GEN01,MIL01,FAM01,0,[],HOME02
152,151,허영수,RANK06,TYPE01,허영수.unknown152@company.com,1234,033-037-6656,서울특별시 성북구 장위동,2018-11-26,6,25,GEN02,MIL01,FAM01,0,[],HOME02
7,6,최수빈,RANK06,TYPE01,최수빈.unknown007@company.com,1234,010-1272-4023,서울특별시 금천구 가산동,2019-10-11,5,53,GEN02,MIL01,FAM01,0,[],HOME02
36,35,김은서,RANK06,TYPE01,김은서.unknown036@company.com,1234,042-935-5805,서울특별시 송파구 오금동,2024-04-10,0,39,GEN02,MIL01,FAM01,0,[],HOME01
652,651,홍승현,RANK06,TYPE01,홍승현.unknown652@company.com,1234,041-914-2872,서울특별시 중구 황학동,2024-09-20,0,31,GEN02,MIL01,FAM02,3,"[12, 2, 15]",HOME01
429,428,최민수,RANK05,TYPE01,최민수.unknown429@company.com,1234,070-9448-9943,서울특별시 성북구 안암동,2022-09-20,2,59,GEN01,MIL01,FAM01,0,[],HOME01
318,317,김은영,RANK05,TYPE01,김은영.unknown318@company.com,1234,054-529-8483,서울특별시 구로구 가리봉동,2015-09-07,9,46,GEN01,MIL01,FAM02,2,"[5, 8]",HOME01
81,80,문상현,RANK05,TYPE01,문상현.unknown081@company.com,1234,019-136-8980,서울특별시 중랑구 묵동,2022-07-25,2,35,GEN02,MIL01,FAM02,1,[15],HOME01
240,239,안민준,RANK05,TYPE01,안민준.unknown240@company.com,1234,042-170-3748,서울특별시 서대문구 대현동,2016-07-27,8,34,GEN02,MIL01,FAM02,2,"[1, 9]",HOME01
256,255,이정식,RANK04,TYPE01,이정식.unknown256@company.com,1234,053-136-4439,서울특별시 도봉구 도봉동,2021-07-26,3,34,GEN02,MIL01,FAM01,0,[],HOME02
594,593,김옥자,RANK04,TYPE01,김옥자.unknown594@company.com,1234,062-676-7378,서울특별시 도봉구 창동,2023-03-17,1,29,GEN01,MIL02,FAM01,0,[],HOME02
675,674,구춘자,RANK04,TYPE01,구춘자.unknown675@company.com,1234,016-233-9015,서울특별시 도봉구 쌍문동,2021-03-11,3,57,GEN01,MIL01,FAM02,2,"[2, 4]",HOME01
477,476,김윤서,RANK04,TYPE01,김윤서.unknown477@company.com,1234,019-682-5668,서울특별시 용산구 한강로동,2021-09-17,3,33,GEN01,MIL03,FAM02,0,[],HOME01
618,617,이영호,RANK04,TYPE01,이영호.unknown618@company.com,1234,018-256-7299,서울특별시 노원구 중계동,2022-09-22,2,55,GEN01,MIL01,FAM02,2,"[13, 7]",HOME01
435,434,류민지,RANK04,TYPE01,류민지.unknown435@company.com,1234,055-283-8750,서울특별시 강동구 상일동,2018-04-21,6,46,GEN02,MIL01,FAM01,0,[],HOME02
551,550,최정숙,RANK04,TYPE01,최정숙.unknown551@company.com,1234,031-353-0369,서울특별시 송파구 오금동,2017-12-17,7,29,GEN02,MIL01,FAM01,0,[],HOME02
467,466,홍숙자,RANK04,TYPE01,홍숙자.unknown467@company.com,1234,043-302-0194,서울특별시 노원구 월계동,2024-09-27,0,40,GEN01,MIL01,FAM01,0,[],HOME02
79,78,이은정,RANK03,TYPE01,이은정.unknown079@company.com,1234,052-607-0141,서울특별시 중구 방산동,2017-09-10,7,42,GEN02,MIL01,FAM01,0,[],HOME02
586,585,최성수,RANK03,TYPE01,최성수.unknown586@company.com,1234,019-823-5486,서울특별시 강남구 대치동,2023-08-06,1,38,GEN02,MIL01,FAM01,0,[],HOME02
222,221,민지우,RANK03,TYPE01,민지우.unknown222@company.com,1234,062-289-5508,서울특별시 강남구 압구정동,2020-03-07,4,52,GEN01,MIL01,FAM02,2,"[1, 10]",HOME02
41,40,이영숙,RANK03,TYPE01,이영숙.unknown041@company.com,1234,042-200-1343,서울특별시 강남구 삼성동,2017-03-14,7,41,GEN01,MIL01,FAM02,1,[8],HOME02
285,284,황성현,RANK03,TYPE01,황성현.unknown285@company.com,1234,053-589-9089,서울특별시 은평구 대조동,2021-01-19,3,42,GEN02,MIL01,FAM01,0,[],HOME02
419,418,김은경,RANK02,TYPE01,김은경.unknown419@company.com,1234,011-360-0919,서울특별시 강북구 우이동,2024-01-03,0,30,GEN01,MIL03,FAM01,0,[],HOME02
204,203,배영숙,RANK02,TYPE01,배영숙.unknown204@company.com,1234,052-952-1020,서울특별시 서초구 방배동,2018-10-17,6,42,GEN01,MIL01,FAM01,0,[],HOME02
683,682,김우진,RANK02,TYPE01,김우진.unknown683@company.com,1234,031-897-5631,서울특별시 강동구 명일동,2019-02-19,5,58,GEN01,MIL01,FAM01,0,[],HOME02
412,411,서재현,RANK02,TYPE01,서재현.unknown412@company.com,1234,043-439-7964,서울특별시 성북구 돈암동,2022-04-22,2,33,GEN02,MIL01,FAM01,0,[],HOME02
694,693,유현주,RANK02,TYPE01,유현주.unknown694@company.com,1234,041-269-0966,서울특별시 용산구 보광동,2017-11-08,7,38,GEN02,MIL01,FAM02,1,[13],HOME01
442,441,한영자,RANK02,TYPE01,한영자.unknown442@company.com,1234,052-548-5210,서울특별시 강북구 우이동,2022-12-15,2,56,GEN01,MIL01,FAM01,0,[],HOME02
42,41,장지원,RANK02,TYPE01,장지원.unknown042@company.com,1234,062-119-1029,서울특별시 광진구 화양동,2024-03-20,0,52,GEN01,MIL01,FAM01,0,[],HOME01
526,525,이지아,RANK02,TYPE01,이지아.unknown526@company.com,1234,019-155-7756,서울특별시 성북구 석관동,2024-04-30,0,51,GEN01,MIL01,FAM02,3,"[2, 4, 10]",HOME01
242,241,김중수,RANK02,TYPE01,김중수.unknown242@company.com,1234,010-0322-6762,서울특별시 성동구 송정동,2023-07-08,1,51,GEN01,MIL01,FAM02,3,"[13, 8, 17]",HOME01
271,270,서준영,RANK01,TYPE01,서준영.unknown271@company.com,1234,064-742-9119,서울특별시 마포구 창전동,2017-10-14,7,53,GEN02,MIL01,FAM01,0,[],HOME02
607,606,노준서,RANK01,TYPE01,노준서.unknown607@company.com,1234,018-172-5840,서울특별시 종로구 사직동,2020-04-13,4,43,GEN01,MIL01,FAM02,1,[11],HOME01
604,603,최영미,RANK01,TYPE01,최영미.unknown604@company.com,1234,044-963-8512,서울특별시 노원구 상계동,2020-01-18,4,23,GEN01,MIL02,FAM01,0,[],HOME02
496,495,나시우,RANK01,TYPE01,나시우.unknown496@company.com,1234,031-622-9238,서울특별시 서대문구 대현동,2021-12-23,3,48,GEN01,MIL01,FAM01,0,[],HOME02
534,533,김서윤,RANK01,TYPE01,김서윤.unknown534@company.com,1234,031-398-2597,서울특별시 송파구 신천동,2017-06-12,7,42,GEN01,MIL01,FAM02,1,[13],HOME02
282,281,김지연,RANK01,TYPE01,김지연.unknown282@company.com,1234,043-412-2430,서울특별시 노원구 상계동,2015-02-03,9,30,GEN01,MIL02,FAM02,2,"[4, 7]",HOME02
393,392,남현준,RANK01,TYPE01,남현준.unknown393@company.com,1234,070-4298-6912,서울특별시 구로구 구로동,2016-03-20,8,29,GEN02,MIL01,FAM01,0,[],HOME02
602,601,김미경,RANK01,TYPE01,김미경.unknown602@company.com,1234,062-927-8216,서울특별시 서대문구 충현동,2023-10-19,1,29,GEN02,MIL01,FAM02,1,[2],HOME01
647,646,김진우,RANK01,TYPE01,김진우.unknown647@company.com,1234,033-253-7127,서울특별시 영등포구 당산동,2017-06-28,7,23,GEN02,MIL01,FAM01,0,[],HOME01
587,586,서현지,RANK01,TYPE01,서현지.unknown587@company.com,1234,064-780-9988,서울특별시 강서구 염창동,2024-03-02,0,54,GEN01,MIL01,FAM02,3,"[1, 15, 12]",HOME01
456,455,서민재,RANK01,TYPE01,서민재.unknown456@company.com,1234,042-782-7539,서울특별시 광진구 자양동,2017-07-01,7,36,GEN01,MIL02,FAM02,3,"[1, 8, 18]",HOME01
22,21,박종명,,TYPE01,박종명.unknown022@company.com,1234,019-192-6795,서울특별시 중랑구 중화동,2017-09-14,7,47,GEN02,MIL01,FAM02,2,"[13, 5]",HOME02
281,280,박영희,RANK06,TYPE01,박영희.unknown281@company.com,1234,055-480-4679,서울특별시 용산구 동빙고동,2016-09-30,8,25,GEN02,MIL01,FAM02,1,[15],HOME01
517,516,한준영,RANK06,TYPE01,한준영.unknown517@company.com,1234,017-577-3768,서울특별시 강동구 길동,2022-07-31,2,34,GEN02,MIL01,FAM02,1,[2],HOME02
373,372,최현숙,RANK06,TYPE01,최현숙.unknown373@company.com,1234,054-895-0267,서울특별시 서초구 내곡동,2015-10-28,9,58,GEN01,MIL01,FAM01,0,[],HOME02
334,333,이지민,RANK06,TYPE01,이지민.unknown334@company.com,1234,053-681-6278,서울특별시 금천구 독산동,2020-09-28,4,29,GEN02,MIL01,FAM02,3,"[17, 12, 1]",HOME02
697,696,김영희,RANK06,TYPE01,김영희.unknown697@company.com,1234,042-225-9289,서울특별시 성동구 옥수동,2014-12-25,10,28,GEN01,MIL03,FAM01,0,[],HOME02
84,83,박진우,RANK05,TYPE01,박진우.unknown084@company.com,1234,064-761-6439,서울특별시 양천구 목동,2020-01-22,4,47,GEN01,MIL01,FAM01,0,[],HOME02
471,470,이성진,RANK05,TYPE01,이성진.unknown471@company.com,1234,019-735-2987,서울특별시 노원구 공릉동,2024-07-24,0,56,GEN02,MIL01,FAM02,2,"[5, 15]",HOME02
169,168,최영철,RANK05,TYPE01,최영철.unknown169@company.com,1234,051-295-5882,서울특별시 양천구 신정동,2017-12-31,7,40,GEN02,MIL01,FAM02,3,"[1, 12, 12]",HOME01
288,287,김상훈,RANK05,TYPE01,김상훈.unknown288@company.com,1234,070-2931-7105,서울특별시 노원구 공릉동,2015-06-11,9,25,GEN02,MIL01,FAM02,2,"[7, 3]",HOME01
424,423,박성수,RANK05,TYPE01,박성수.unknown424@company.com,1234,010-5990-3976,서울특별시 동작구 상도동,2015-11-16,9,25,GEN01,MIL03,FAM01,0,[],HOME01
446,445,이정자,RANK05,TYPE01,이정자.unknown446@company.com,1234,010-2203-0359,서울특별시 영등포구 도림동,2019-03-17,5,32,GEN01,MIL03,FAM02,1,[1],HOME02
699,698,이수진,RANK05,TYPE01,이수진.unknown699@company.com,1234,043-146-2931,서울특별시 서초구 염곡동,2018-12-24,6,34,GEN02,MIL01,FAM02,1,[4],HOME01
684,683,김채원,RANK05,TYPE01,김채원.unknown684@company.com,1234,033-696-6158,서울특별시 도봉구 도봉동,2021-09-11,3,48,GEN01,MIL01,FAM02,3,"[2, 8, 4]",HOME02
348,347,류민준,RANK05,TYPE01,류민준.unknown348@company.com,1234,061-842-7048,서울특별시 영등포구 양평동,2022-07-15,2,52,GEN02,MIL01,FAM02,1,[3],HOME01
530,529,박재호,RANK05,TYPE01,박재호.unknown530@company.com,1234,070-8898-0796,서울특별시 중구 필동,2024-02-07,0,35,GEN01,MIL03,FAM02,2,"[13, 3]",HOME02
455,454,이수진,RANK04,TYPE01,이수진.unknown455@company.com,1234,010-7635-5307,서울특별시 용산구 남영동,2022-06-20,2,37,GEN01,MIL03,FAM02,2,"[6, 8]",HOME01
640,639,이정희,RANK04,TYPE01,이정희.unknown640@company.com,1234,062-791-5721,서울특별시 성동구 마장동,2024-04-23,0,55,GEN02,MIL01,FAM02,1,[7],HOME01
665,664,박수진,RANK04,TYPE01,박수진.unknown665@company.com,1234,042-038-2596,서울특별시 강서구 마곡동,2019-05-05,5,29,GEN01,MIL03,FAM01,0,[],HOME01
493,492,이은경,RANK04,TYPE01,이은경.unknown493@company.com,1234,070-9838-9680,서울특별시 성동구 금호동,2023-02-19,1,60,GEN02,MIL01,FAM01,0,[],HOME02
470,469,김민서,RANK04,TYPE01,김민서.unknown470@company.com,1234,064-739-2823,서울특별시 강북구 우이동,2021-01-02,3,45,GEN02,MIL01,FAM01,0,[],HOME02
115,114,김승현,RANK04,TYPE01,김승현.unknown115@company.com,1234,064-702-4606,서울특별시 영등포구 양평동,2016-02-04,8,60,GEN01,MIL01,FAM01,0,[],HOME01
457,456,나지연,RANK04,TYPE01,나지연.unknown457@company.com,1234,053-385-0734,서울특별시 양천구 목동,2020-12-12,4,58,GEN02,MIL01,FAM01,0,[],HOME02
613,612,김예원,RANK03,TYPE01,김예원.unknown613@company.com,1234,063-847-6490,서울특별시 서대문구 봉원동,2021-06-09,3,26,GEN02,MIL01,FAM01,0,[],HOME02
439,438,백정훈,RANK03,TYPE01,백정훈.unknown439@company.com,1234,041-015-6410,서울특별시 서초구 원지동,2020-02-12,4,28,GEN02,MIL01,FAM01,0,[],HOME02
541,540,안정호,RANK03,TYPE01,안정호.unknown541@company.com,1234,061-140-8554,서울특별시 서초구 내곡동,2015-02-06,9,56,GEN01,MIL01,FAM02,0,[],HOME01
232,231,우영환,RANK03,TYPE01,우영환.unknown232@company.com,1234,011-328-0223,서울특별시 강서구 공항동,2020-03-29,4,57,GEN02,MIL01,FAM02,0,[],HOME02
375,374,진은서,RANK03,TYPE01,진은서.unknown375@company.com,1234,044-969-1388,서울특별시 서대문구 북가좌동,2016-09-23,8,41,GEN02,MIL01,FAM01,0,[],HOME02
296,295,이아름,RANK03,TYPE01,이아름.unknown296@company.com,1234,070-9556-4894,서울특별시 강동구 명일동,2019-12-18,5,45,GEN01,MIL01,FAM01,0,[],HOME02
298,297,김아름,RANK03,TYPE01,김아름.unknown298@company.com,1234,061-692-2257,서울특별시 강남구 도곡동,2016-07-02,8,35,GEN01,MIL03,FAM01,0,[],HOME02
305,304,박도현,RANK03,TYPE01,박도현.unknown305@company.com,1234,062-024-8689,서울특별시 영등포구 도림동,2019-08-04,5,43,GEN02,MIL01,FAM01,0,[],HOME02
190,189,신정웅,RANK03,TYPE01,신정웅.unknown190@company.com,1234,061-449-1836,서울특별시 도봉구 도봉동,2021-08-29,3,34,GEN01,MIL02,FAM01,0,[],HOME02
71,70,박영식,RANK03,TYPE01,박영식.unknown071@company.com,1234,064-755-0032,서울특별시 도봉구 방학동,2018-12-10,6,22,GEN02,MIL01,FAM02,2,"[13, 15]",HOME01
416,415,송영철,RANK03,TYPE01,송영철.unknown416@company.com,1234,041-865-1258,서울특별시 용산구 동자동,2019-02-23,5,36,GEN01,MIL03,FAM01,0,[],HOME02
572,571,이승현,RANK03,TYPE01,이승현.unknown572@company.com,1234,051-119-3042,서울특별시 서초구 내곡동,2020-05-12,4,60,GEN02,MIL01,FAM01,0,[],HOME02
482,481,김정훈,RANK02,TYPE01,김정훈.unknown482@company.com,1234,011-808-8536,서울특별시 송파구 석촌동,2023-11-29,1,34,GEN02,MIL01,FAM01,0,[],HOME02
280,279,이민서,RANK02,TYPE01,이민서.unknown280@company.com,1234,011-757-8542,서울특별시 강동구 성내동,2017-02-01,7,26,GEN02,MIL01,FAM01,0,[],HOME02
574,573,문윤서,RANK02,TYPE01,문윤서.unknown574@company.com,1234,042-559-7656,서울특별시 동작구 흑석동,2023-12-02,1,36,GEN02,MIL01,FAM02,1,[6],HOME02
695,694,지순자,RANK02,TYPE01,지순자.unknown695@company.com,1234,033-547-9137,서울특별시 도봉구 도봉동,2023-04-18,1,41,GEN01,MIL01,FAM01,0,[],HOME02
95,94,손상현,RANK01,TYPE01,손상현.unknown095@company.com,1234,010-4289-0835,서울특별시 중구 산림동,2018-05-12,6,31,GEN01,MIL03,FAM01,0,[],HOME02
160,159,하지은,RANK01,TYPE01,하지은.unknown160@company.com,1234,042-745-2980,서울특별시 용산구 후암동,2014-11-27,10,37,GEN01,MIL03,FAM01,0,[],HOME01
494,493,김영숙,RANK01,TYPE01,김영숙.unknown494@company.com,1234,054-112-3675,서울특별시 강북구 미아동,2017-02-09,7,34,GEN01,MIL02,FAM01,0,[],HOME01
472,471,전보람,RANK01,TYPE01,전보람.unknown472@company.com,1234,032-929-3714,서울특별시 종로구 당주동,2018-11-02,6,54,GEN01,MIL01,FAM02,3,"[7, 1, 1]",HOME01
465,464,이우진,RANK01,TYPE01,이우진.unknown465@company.com,1234,041-388-4734,서울특별시 서초구 방배동,2015-07-12,9,39,GEN02,MIL01,FAM02,0,[],HOME02
537,536,홍은지,RANK06,TYPE01,홍은지.unknown537@company.com,1234,063-388-1962,서울특별시 성동구 금호동,2018-02-03,6,55,GEN01,MIL01,FAM01,0,[],HOME02
142,141,최상철,RANK06,TYPE01,최상철.unknown142@company.com,1234,033-842-1453,서울특별시 구로구 개봉동,2019-06-17,5,42,GEN01,MIL01,FAM02,2,"[11, 11]",HOME01
262,261,김영수,RANK06,TYPE01,김영수.unknown262@company.com,1234,031-423-4691,서울특별시 구로구 오류동,2018-10-23,6,32,GEN01,MIL03,FAM02,1,[10],HOME02
227,226,홍수빈,RANK06,TYPE01,홍수빈.unknown227@company.com,1234,02-0672-6977,서울특별시 은평구 갈현동,2018-12-19,6,59,GEN01,MIL01,FAM02,0,[],HOME01
549,548,김승민,RANK06,TYPE01,김승민.unknown549@company.com,1234,010-8285-2505,서울특별시 구로구 구로동,2016-10-28,8,58,GEN01,MIL01,FAM01,0,[],HOME01
99,98,강명자,RANK06,TYPE01,강명자.unknown099@company.com,1234,063-358-5389,서울특별시 마포구 망원동,2016-01-10,8,23,GEN02,MIL01,FAM02,3,"[4, 2, 10]",HOME02
361,360,최미경,RANK06,TYPE01,최미경.unknown361@company.com,1234,064-784-5590,서울특별시 양천구 신정동,2022-10-11,2,41,GEN01,MIL01,FAM02,2,"[15, 8]",HOME01
690,689,조은서,RANK06,TYPE01,조은서.unknown690@company.com,1234,033-145-5013,서울특별시 동작구 노량진동,2020-03-21,4,52,GEN01,MIL01,FAM02,2,"[9, 4]",HOME01
485,484,권영자,RANK06,TYPE01,권영자.unknown485@company.com,1234,017-683-7378,서울특별시 도봉구 도봉동,2021-01-04,3,51,GEN02,MIL01,FAM01,0,[],HOME02
184,183,윤현주,RANK06,TYPE01,윤현주.unknown184@company.com,1234,042-470-1277,서울특별시 강남구 신사동,2020-04-12,4,25,GEN01,MIL02,FAM01,0,[],HOME02
576,575,안현준,RANK05,TYPE01,안현준.unknown576@company.com,1234,02-5049-5712,서울특별시 중구 남산동,2018-01-23,6,46,GEN01,MIL01,FAM02,0,[],HOME02
191,190,이건우,RANK05,TYPE01,이건우.unknown191@company.com,1234,053-729-2727,서울특별시 은평구 수색동,2016-12-02,8,24,GEN01,MIL03,FAM02,0,[],HOME01
462,461,백예지,RANK05,TYPE01,백예지.unknown462@company.com,1234,016-856-7357,서울특별시 관악구 남현동,2020-04-10,4,33,GEN01,MIL02,FAM01,0,[],HOME02
72,71,권영숙,RANK05,TYPE01,권영숙.unknown072@company.com,1234,017-070-6368,서울특별시 강남구 논현동,2024-01-28,0,34,GEN02,MIL01,FAM01,0,[],HOME02
49,48,이순옥,RANK05,TYPE01,이순옥.unknown049@company.com,1234,016-740-0242,서울특별시 용산구 갈월동,2019-07-27,5,50,GEN02,MIL01,FAM02,3,"[4, 12, 6]",HOME01
396,395,박은영,RANK05,TYPE01,박은영.unknown396@company.com,1234,055-224-4699,서울특별시 노원구 월계동,2023-01-15,1,26,GEN01,MIL02,FAM02,1,[3],HOME01
415,414,강종수,RANK04,TYPE01,강종수.unknown415@company.com,1234,031-950-6635,서울특별시 구로구 항동,2020-11-04,4,54,GEN02,MIL01,FAM01,0,[],HOME02
86,85,강선영,RANK04,TYPE01,강선영.unknown086@company.com,1234,018-931-5464,서울특별시 광진구 중곡동,2015-02-04,9,54,GEN01,MIL01,FAM01,0,[],HOME02
275,274,지중수,RANK04,TYPE01,지중수.unknown275@company.com,1234,063-251-8552,서울특별시 도봉구 쌍문동,2017-12-26,7,48,GEN02,MIL01,FAM02,3,"[18, 3, 2]",HOME01
250,249,서예준,RANK04,TYPE01,서예준.unknown250@company.com,1234,033-581-4558,서울특별시 동작구 흑석동,2023-01-15,1,55,GEN02,MIL01,FAM02,0,[],HOME01
209,208,심영수,RANK04,TYPE01,심영수.unknown209@company.com,1234,032-370-0441,서울특별시 강서구 마곡동,2018-06-12,6,22,GEN01,MIL02,FAM01,0,[],HOME02
516,515,이영환,RANK04,TYPE01,이영환.unknown516@company.com,1234,016-482-9296,서울특별시 노원구 월계동,2017-05-18,7,27,GEN02,MIL01,FAM01,0,[],HOME02
138,137,류은경,RANK04,TYPE01,류은경.unknown138@company.com,1234,054-037-0783,서울특별시 용산구 보광동,2021-08-30,3,22,GEN01,MIL02,FAM01,0,[],HOME02
75,74,박경수,RANK04,TYPE01,박경수.unknown075@company.com,1234,051-105-6217,서울특별시 서초구 우면동,2020-03-24,4,54,GEN01,MIL01,FAM01,0,[],HOME02
693,692,김현지,RANK04,TYPE01,김현지.unknown693@company.com,1234,044-942-8321,서울특별시 동작구 흑석동,2023-04-16,1,44,GEN01,MIL01,FAM01,0,[],HOME02
346,345,문현숙,RANK04,TYPE01,문현숙.unknown346@company.com,1234,018-797-5946,서울특별시 서대문구 창천동,2023-10-14,1,60,GEN02,MIL01,FAM01,0,[],HOME02
90,89,손민석,RANK03,TYPE01,손민석.unknown090@company.com,1234,016-206-3109,서울특별시 강동구 상일동,2022-05-18,2,41,GEN01,MIL01,FAM01,0,[],HOME02
266,265,권경수,RANK03,TYPE01,권경수.unknown266@company.com,1234,010-1996-3598,서울특별시 서대문구 현저동,2022-08-30,2,46,GEN02,MIL01,FAM01,0,[],HOME02
162,161,우건우,RANK03,TYPE01,우건우.unknown162@company.com,1234,064-712-6962,서울특별시 강서구 마곡동,2022-03-24,2,53,GEN02,MIL01,FAM02,1,[1],HOME01
226,225,신윤서,RANK03,TYPE01,신윤서.unknown226@company.com,1234,02-7769-1954,서울특별시 노원구 상계동,2016-03-02,8,55,GEN01,MIL01,FAM02,0,[],HOME01
44,43,이서영,RANK03,TYPE01,이서영.unknown044@company.com,1234,019-255-1969,서울특별시 노원구 공릉동,2019-08-20,5,31,GEN02,MIL01,FAM01,0,[],HOME01
441,440,최서연,RANK02,TYPE01,최서연.unknown441@company.com,1234,052-247-4881,서울특별시 노원구 공릉동,2021-03-15,3,48,GEN01,MIL01,FAM01,0,[],HOME02
670,669,이은지,RANK02,TYPE01,이은지.unknown670@company.com,1234,070-6736-4538,서울특별시 송파구 풍납동,2019-11-11,5,44,GEN02,MIL01,FAM01,0,[],HOME02
660,659,최정호,RANK02,TYPE01,최정호.unknown660@company.com,1234,061-020-2996,서울특별시 성동구 금호동,2021-05-19,3,48,GEN02,MIL01,FAM01,0,[],HOME02
646,645,권서준,RANK02,TYPE01,권서준.unknown646@company.com,1234,017-620-2983,서울특별시 금천구 시흥동,2017-01-18,7,56,GEN01,MIL01,FAM02,1,[1],HOME01
302,301,이윤서,RANK02,TYPE01,이윤서.unknown302@company.com,1234,02-5272-6381,서울특별시 노원구 중계동,2020-11-03,4,47,GEN01,MIL01,FAM01,0,[],HOME02
349,348,김지현,RANK02,TYPE01,김지현.unknown349@company.com,1234,054-342-0825,서울특별시 중구 방산동,2022-04-08,2,42,GEN01,MIL01,FAM02,1,[1],HOME01
616,615,김현정,RANK01,TYPE01,김현정.unknown616@company.com,1234,017-273-1742,서울특별시 강남구 일원동,2019-01-26,5,42,GEN02,MIL01,FAM01,0,[],HOME01
83,82,박윤서,RANK01,TYPE01,박윤서.unknown083@company.com,1234,062-865-8253,서울특별시 마포구 노고산동,2018-09-12,6,23,GEN01,MIL03,FAM02,3,"[3, 1, 2]",HOME01
15,14,이지우,RANK01,TYPE01,이지우.unknown015@company.com,1234,018-082-9564,서울특별시 강북구 번동,2024-09-06,0,50,GEN02,MIL01,FAM02,0,[],HOME01
330,329,박정호,RANK01,TYPE01,박정호.unknown330@company.com,1234,044-914-5053,서울특별시 용산구 이태원동,2019-06-07,5,24,GEN01,MIL03,FAM02,2,"[15, 2]",HOME01
273,272,김정훈,RANK01,TYPE01,김정훈.unknown273@company.com,1234,053-979-5698,서울특별시 구로구 고척동,2019-02-24,5,47,GEN01,MIL01,FAM02,2,"[8, 15]",HOME01
686,685,민정수,RANK01,TYPE01,민정수.unknown686@company.com,1234,063-477-8690,서울특별시 강동구 길동,2023-06-01,1,41,GEN02,MIL01,FAM01,0,[],HOME02
